Pos;Plate Number;Category;Surname;First Name;Country;Team;EWS Number;Time;Gap;Penalties;FE 1 Time;FE 1 Pos;FE 2 Time;FE 2 Pos;FE 3 Time;FE 3 Pos;FE 4 Time;FE 4 Pos;FE 5 Time;FE 5 Pos;FE 6 Time;FE 6 Pos;FE 7 Time;FE 7 Pos
1;8;Junior Herrer;Olsson;Jonas;;SK Rye sykkel;;00:12:42;;;00:00:38;2;00:03:24;3;00:02:29;2;00:01:23;2;00:01:56;1;00:02:19;2;00:00:33;1
2;11;Junior Herrer;Sandengen;Tobias;;Horten og Omegn's Cykleklubb;;00:12:55;+00:00:13;;00:00:38;2;00:03:31;7;00:02:29;2;00:01:29;10;00:01:59;2;00:02:16;1;00:00:33;1
3;1;Junior Herrer;Ellingsen;Lukas;;SK Rye sykkel;123456;00:13:03;+00:00:21;;00:00:39;4;00:03:16;2;00:02:42;10;00:01:26;6;00:02:05;5;00:02:20;3;00:00:35;4
4;12;Junior Herrer;Solland;Leo;;SK Rye sykkel;;00:13:16;+00:00:34;;00:00:41;9;00:03:29;6;00:02:40;8;00:01:24;3;00:02:02;3;00:02:25;5;00:00:35;4
5;10;Junior Herrer;Ruud;Erlend;;Team Flytsti;;00:13:20;+00:00:38;;00:00:39;4;00:03:32;8;00:02:35;7;00:01:25;4;00:02:06;6;00:02:26;6;00:00:37;9
6;6;Junior Herrer;Nielsen;Henrik Langeland;;Kristiansands CK;;00:13:21;+00:00:39;;00:00:39;4;00:03:26;5;00:02:31;4;00:01:27;7;00:02:21;8;00:02:23;4;00:00:34;3
7;5;Junior Herrer;Mouland;Petter;;Bærum OCK;;00:13:21;+00:00:39;;00:00:39;4;00:03:25;4;00:02:31;4;00:01:27;7;00:02:07;7;00:02:36;8;00:00:36;6
8;4;Junior Herrer;Lindsetmo;Aslak;;Asker CK;;00:13:25;+00:00:43;;00:00:40;8;00:03:34;9;00:02:41;9;00:01:25;4;00:02:02;3;00:02:27;7;00:00:36;6
9;7;Junior Herrer;Nuland;Mathias;;Sokndal sti og sykkel;;00:14:18;+00:01:36;;00:00:42;10;00:03:37;10;00:02:33;6;00:01:28;9;00:02:45;9;00:02:37;9;00:00:36;6
DNF;9;Junior Herrer;Østerud;Ola;;Aron Skiklubb;;;;;00:00:42;10;00:10:46;12;00:04:58;12;00:01:54;11;00:03:37;10;00:03:47;10;;
DNF;2;Junior Herrer;Holiman;Kristian;;SK Rye sykkel;;;;;00:00:36;1;00:02:57;1;00:02:14;1;00:01:19;1;00:05:01;11;;;;
DNF;3;Junior Herrer;Hovind;Tobias;;Team Lapierre Norge;;;;;00:01:01;12;00:05:58;11;00:04:24;11;00:02:02;12;00:12:26;12;;;;
1;224;Master Herrer;Simensen;Stig Ove;;;;00:11:43;;;00:00:36;1;00:02:55;1;00:02:16;1;00:01:17;1;00:01:53;2;00:02:13;6;00:00:33;2
2;178;Master Herrer;Grotnes;Pål;;Gresvik IF;;00:11:57;+00:00:14;;00:00:37;4;00:03:08;2;00:02:19;3;00:01:17;1;00:01:54;3;00:02:10;2;00:00:32;1
3;199;Master Herrer;Lysakerrud;Fredrik;;Odal SK;;00:12:01;+00:00:18;;00:00:38;10;00:03:09;3;00:02:18;2;00:01:20;6;00:01:54;3;00:02:08;1;00:00:34;6
4;243;Master Herrer;Kroeger;Shane;;;;00:12:07;+00:00:24;;00:00:37;4;00:03:12;4;00:02:21;4;00:01:19;5;00:01:52;1;00:02:13;6;00:00:33;2
5;203;Master Herrer;Mørstad;Aslak;;Bjørndal IF Sykkel;;00:12:27;+00:00:44;;00:00:36;1;00:03:21;8;00:02:27;5;00:01:18;3;00:01:59;8;00:02:12;4;00:00:34;6
6;222;Master Herrer;Ruud;Tom;;Lillehammer CK;;00:12:39;+00:00:56;;00:00:37;4;00:03:22;9;00:02:29;9;00:01:23;11;00:01:58;6;00:02:15;8;00:00:35;11
7;247;Master Herrer;Lunn;Stian;;;;00:12:40;+00:00:57;;00:00:36;1;00:03:25;13;00:02:28;6;00:01:28;28;00:01:57;5;00:02:12;4;00:00:34;6
8;184;Master Herrer;Hjelseth;Karsten;;;;00:12:42;+00:00:59;;00:00:39;14;00:03:26;15;00:02:30;12;00:01:21;7;00:02:01;13;00:02:11;3;00:00:34;6
9;218;Master Herrer;Prestbakken;Ole Johnny;;Bø Idretslag;;00:12:43;+00:01:00;;00:00:38;10;00:03:18;5;00:02:29;9;00:01:28;28;00:01:59;8;00:02:15;8;00:00:36;17
10;226;Master Herrer;Smith;Fredrik;;Njård;;00:12:46;+00:01:03;;00:00:38;10;00:03:20;6;00:02:30;12;00:01:22;10;00:01:59;8;00:02:22;14;00:00:35;11
11;242;Master Herrer;Kebely;Espen;;;;00:12:51;+00:01:08;;00:00:39;14;00:03:24;12;00:02:32;16;00:01:21;7;00:02:03;16;00:02:17;10;00:00:35;11
12;183;Master Herrer;Hennie;Rune;;Odal SK;;00:12:51;+00:01:08;;00:00:39;14;00:03:20;6;00:02:30;12;00:01:25;15;00:02:02;14;00:02:20;12;00:00:35;11
13;240;Master Herrer;Johnsen;Arild Heimli;;Team Letth;;00:12:53;+00:01:10;;00:00:37;4;00:03:33;19;00:02:29;9;00:01:18;3;00:02:00;11;00:02:23;16;00:00:33;2
14;170;Master Herrer;Danielsen;Simen Kalnæs;;Drøbak-Frogn IL Sykkel;;00:12:55;+00:01:12;;00:00:37;4;00:03:28;16;00:02:28;6;00:01:21;7;00:01:58;6;00:02:29;27;00:00:34;6
15;171;Master Herrer;Disen;Anders;;Odal SK;;00:12:56;+00:01:13;;00:00:39;14;00:03:23;10;00:02:30;12;00:01:25;15;00:02:02;14;00:02:22;14;00:00:35;11
16;165;Master Herrer;Asplund;Björn;;;;00:13:00;+00:01:17;;00:00:37;4;00:03:23;10;00:02:28;6;00:01:37;52;00:02:00;11;00:02:17;10;00:00:38;26
17;205;Master Herrer;Nilsen;Rune Sten;;Drammen CK;;00:13:06;+00:01:23;;00:00:40;21;00:03:31;18;00:02:34;18;00:01:23;11;00:02:04;17;00:02:21;13;00:00:33;2
18;208;Master Herrer;Ohlsson;Michael;;Strömstad cykelklubb;;00:13:08;+00:01:25;;00:00:39;14;00:03:25;13;00:02:33;17;00:01:24;14;00:02:09;23;00:02:23;16;00:00:35;11
19;246;Master Herrer;Lillevold;Jonas;;Bremsespor;;00:13:31;+00:01:48;;00:00:40;21;00:03:30;17;00:02:37;20;00:01:26;19;00:02:11;25;00:02:28;22;00:00:39;34
20;227;Master Herrer;Sollien;Stein-Roger;;Soon CK;;00:13:34;+00:01:51;;00:00:38;10;00:03:42;27;00:02:38;23;00:01:25;15;00:02:08;21;00:02:26;19;00:00:37;20
21;229;Master Herrer;Stordahl;Morten Iversen;;Nesodden SK;;00:13:39;+00:01:56;;00:00:41;28;00:03:38;23;00:02:37;20;00:01:27;21;00:02:10;24;00:02:28;22;00:00:38;26
22;207;Master Herrer;Nysæter;Frode;;Korttråkkerne;;00:13:41;+00:01:58;;00:00:42;33;00:03:45;29;00:02:41;24;00:01:23;11;00:02:07;20;00:02:25;18;00:00:38;26
23;172;Master Herrer;Eckhoff;Kristian;;SK Rye sykkel;;00:13:41;+00:01:58;;00:00:40;21;00:03:34;21;00:02:41;24;00:01:27;21;00:02:15;34;00:02:26;19;00:00:38;26
24;219;Master Herrer;Ripe;Roy;;Nesodden SK;;00:13:46;+00:02:03;;00:00:45;53;00:03:37;22;00:02:42;27;00:01:27;21;00:02:06;18;00:02:31;31;00:00:38;26
25;200;Master Herrer;Melsom-Hansen;Kenneth;;Nesodden SK;;00:13:50;+00:02:07;;00:00:42;33;00:03:41;26;00:02:41;24;00:01:28;28;00:02:11;25;00:02:29;27;00:00:38;26
26;168;Master Herrer;Bruu;Jon;;Tønsberg CK;;00:13:50;+00:02:07;;00:00:43;38;00:03:38;23;00:02:37;20;00:01:28;28;00:02:15;34;00:02:28;22;00:00:41;43
27;163;Master Herrer;Andersen;Thomas Murud;;IF Frøy;;00:13:51;+00:02:08;;00:00:40;21;00:03:50;37;00:02:42;27;00:01:28;28;00:02:06;18;00:02:29;27;00:00:36;17
28;182;Master Herrer;Hauger;Alexander;;Team Hakadal Enduro;;00:13:55;+00:02:12;;00:00:41;28;00:03:38;23;00:02:56;40;00:01:27;21;00:02:08;21;00:02:28;22;00:00:37;20
29;245;Master Herrer;Lidsheim;Sindre;;CK Nittedal;;00:13:56;+00:02:13;;00:00:41;28;00:03:48;32;00:02:42;27;00:01:25;15;00:02:14;31;00:02:30;30;00:00:36;17
30;179;Master Herrer;Grove-Knutsen;Finn;;;;00:14:08;+00:02:25;;00:00:42;33;00:03:49;34;00:02:46;31;00:01:27;21;00:02:12;27;00:02:34;36;00:00:38;26
31;220;Master Herrer;Rishoff;Håvard;;Krokskogen Cykleklubb;;00:14:11;+00:02:28;;00:00:40;21;00:03:43;28;00:02:35;19;00:01:27;21;00:02:43;58;00:02:26;19;00:00:37;20
32;204;Master Herrer;Mouland;Lars;;Bærum OCK;;00:14:16;+00:02:33;;00:00:39;14;00:03:33;19;00:02:44;30;00:01:27;21;00:02:12;27;00:03:01;58;00:00:40;37
33;216;Master Herrer;Pothecary;Jamieson;;SK Rye sykkel;;00:14:20;+00:02:37;;00:00:41;28;00:03:46;31;00:02:50;33;00:01:29;34;00:02:12;27;00:02:45;49;00:00:37;20
34;230;Master Herrer;Storhaug;Rune Erik;;Torshov SK;;00:14:26;+00:02:43;;00:00:43;38;00:03:45;29;00:02:59;43;00:01:33;41;00:02:15;34;00:02:34;36;00:00:37;20
35;188;Master Herrer;Isaksen;Brede;;Herkules IF;;00:14:26;+00:02:43;;00:00:40;21;00:03:49;34;00:02:54;36;00:01:26;19;00:02:19;40;00:02:41;39;00:00:37;20
36;175;Master Herrer;Erga;Christian;;;;00:14:26;+00:02:43;;00:00:43;38;00:03:53;39;00:02:52;35;00:01:32;38;00:02:14;31;00:02:32;32;00:00:40;37
37;177;Master Herrer;Frysjøenden;Jo Christer;;Glåmdal SK;;00:14:32;+00:02:49;;00:00:43;38;00:03:50;37;00:02:54;36;00:01:35;49;00:02:18;39;00:02:32;32;00:00:40;37
38;221;Master Herrer;Røisli;Torkel;;CK Nittedal;;00:14:38;+00:02:55;;00:00:45;53;00:04:04;43;00:02:47;32;00:01:31;37;00:02:17;38;00:02:33;34;00:00:41;43
39;244;Master Herrer;Ladim;Hans Petter;;Gresvik IF;;00:14:45;+00:03:02;;00:00:40;21;00:04:07;48;00:03:08;51;00:01:29;34;00:02:14;31;00:02:28;22;00:00:39;34
40;185;Master Herrer;Høilund;Jan Henrik;;Njård;;00:14:49;+00:03:06;;00:00:43;38;00:03:54;40;00:02:54;36;00:01:33;41;00:02:21;43;00:02:41;39;00:00:43;52
41;164;Master Herrer;Årnes;Lasse Eriksen;;Aron Skiklubb;;00:14:50;+00:03:07;;00:00:39;14;00:03:48;32;00:03:29;61;00:01:28;28;00:02:13;30;00:02:33;34;00:00:40;37
42;174;Master Herrer;Engström;Christofer;;Eidanger IL;;00:14:53;+00:03:10;;00:00:41;28;00:04:06;46;00:02:57;42;00:01:34;45;00:02:16;37;00:02:41;39;00:00:38;26
43;249;Master Herrer;Garnvik;Ole André;;;;00:14:59;+00:03:16;;00:00:43;38;00:03:54;40;00:02:59;43;00:01:34;45;00:02:25;49;00:02:42;44;00:00:42;49
44;232;Master Herrer;Thomte;Lars Arild;;NOTS;;00:15:02;+00:03:19;;00:00:44;47;00:04:05;44;00:02:51;34;00:01:33;41;00:02:23;46;00:02:45;49;00:00:41;43
45;241;Master Herrer;Johnsen;Ole Johan;;Bremsespor;;00:15:03;+00:03:20;;00:00:44;47;00:04:05;44;00:02:56;40;00:01:32;38;00:02:19;40;00:02:47;52;00:00:40;37
46;167;Master Herrer;Bertelsen;Morten;;SK Rye sykkel;;00:15:08;+00:03:25;;00:00:44;47;00:03:49;34;00:03:00;46;00:01:46;61;00:02:25;49;00:02:41;39;00:00:43;52
47;181;Master Herrer;Haugen;Kurt Tryaire;;Bærum OCK;;00:15:12;+00:03:29;;00:00:43;38;00:04:14;50;00:02:59;43;00:01:32;38;00:02:21;43;00:02:43;45;00:00:40;37
48;162;Master Herrer;Ågotnes;Hans Erling;;Bø idretslag;;00:15:19;+00:03:36;;00:00:45;53;00:04:26;55;00:02:54;36;00:01:33;41;00:02:20;42;00:02:40;38;00:00:41;43
49;169;Master Herrer;Bryhn;Knut Espen;;Drøbak-Frogn IL Sykkel;;00:15:20;+00:03:37;;00:00:43;38;00:04:06;46;00:03:03;49;00:01:36;51;00:02:23;46;00:02:48;53;00:00:41;43
50;248;Master Herrer;Vedvik;Tor André;;Bremsespor;;00:15:25;+00:03:42;;00:00:42;33;00:04:15;52;00:03:09;52;00:01:34;45;00:02:22;45;00:02:44;47;00:00:39;34
51;239;Master Herrer;Johannessen;Trond;;Glåmdal SK;;00:15:37;+00:03:54;;00:00:50;65;00:04:21;54;00:03:07;50;00:01:30;36;00:02:23;46;00:02:45;49;00:00:41;43
52;186;Master Herrer;Holiman;Iver;;;;00:15:41;+00:03:58;;00:00:45;53;00:04:02;42;00:03:13;53;00:01:37;52;00:02:35;55;00:02:44;47;00:00:45;59
53;223;Master Herrer;Sanna;David;;Skagerrak Sportsklubb;;00:15:45;+00:04:02;;00:00:44;47;00:04:29;56;00:03:02;48;00:01:34;45;00:02:26;52;00:02:48;53;00:00:42;49
54;166;Master Herrer;Austenå;Christian;;Arendal CC;;00:16:21;+00:04:38;;00:00:44;47;00:04:20;53;00:03:47;63;00:01:38;54;00:02:25;49;00:02:43;45;00:00:44;58
55;206;Master Herrer;Nørve;Boye Andreas;;;;00:16:33;+00:04:50;;00:00:47;59;00:04:35;57;00:03:20;56;00:01:43;59;00:02:33;54;00:02:52;56;00:00:43;52
56;209;Master Herrer;Olsen;Jan;;Sandefjord SK;;00:16:41;+00:04:58;;00:00:45;53;00:04:48;58;00:03:20;56;00:01:39;55;00:02:39;56;00:02:48;53;00:00:42;49
57;217;Master Herrer;Preiss;Rufus;;Kragerø SK;;00:16:58;+00:05:15;;00:00:44;47;00:04:49;59;00:03:16;54;00:01:39;55;00:02:49;61;00:02:58;57;00:00:43;52
58;212;Master Herrer;Omtvedt;Christopher;;Bremsespor;;00:17:33;+00:05:50;;00:00:46;58;00:05:14;63;00:03:18;55;00:01:40;57;00:02:48;60;00:03:02;59;00:00:45;59
59;180;Master Herrer;Haug;Erik;;Follo SK;;00:17:38;+00:05:55;;00:00:52;67;00:05:03;61;00:03:23;58;00:01:44;60;00:02:42;57;00:03:08;62;00:00:46;61
60;202;Master Herrer;Moland;Kjell Ivar;;Follo SK;;00:17:40;+00:05:57;;00:00:47;59;00:05:33;67;00:03:24;59;00:01:41;58;00:02:30;53;00:03:02;59;00:00:43;52
61;210;Master Herrer;Olsen;Terje B.;;Bremsespor;;00:18:29;+00:06:46;;00:00:50;65;00:05:26;66;00:03:38;62;00:01:52;65;00:02:43;58;00:03:14;65;00:00:46;61
62;189;Master Herrer;Jensen;Geir Jacob;;;;00:19:16;+00:07:33;;00:00:47;59;00:05:17;64;00:03:56;65;00:01:53;66;00:03:29;63;00:03:11;63;00:00:43;52
63;211;Master Herrer;Olsen;Tormod Berg;;;;00:19:25;+00:07:42;;00:00:49;63;00:05:20;65;00:03:54;64;00:01:49;64;00:03:08;62;00:03:35;66;00:00:50;66
64;176;Master Herrer;Firing;Morten;;CK Jarlsberg;;00:19:48;+00:08:05;;00:00:49;63;00:05:03;61;00:04:15;66;00:01:46;61;00:03:54;64;00:03:12;64;00:00:49;65
65;173;Master Herrer;Edvardsen;Lasse;;Moss CK;;00:21:29;+00:09:46;;00:00:43;38;00:04:14;50;00:03:00;46;00:01:35;49;00:08:30;66;00:02:41;39;00:00:46;61
66;214;Master Herrer;Paulsen;Rune;;Tønsberg CK;;00:24:35;+00:12:52;;00:00:47;59;00:04:58;60;00:03:24;59;00:01:46;61;00:09:52;67;00:03:02;59;00:00:46;61
67;215;Master Herrer;Pissakis;Konstantinos;;Herkules IF;;00:30:32;+00:18:49;;00:01:15;68;00:08:45;68;00:07:12;67;00:02:13;67;00:05:20;65;00:03:58;67;00:01:49;67
DNF;231;Master Herrer;Svendsen;Jon Terje;;Aron Skiklubb;;;;;00:00:42;33;00:04:07;48;;;;;;;;;;
DNS;213;Master Herrer;Patrick;Birger;;Sarpsborg SK;;;;;;;;;;;;;;;;;;
DNS;228;Master Herrer;Sørli;Trond;;Bingsfoss SK;;;;;;;;;;;;;;;;;;
DNS;201;Master Herrer;Moen;John;;Kolbotn SK;;;;;;;;;;;;;;;;;;
DNS;187;Master Herrer;Huseby;Sjur;;Tønsberg CK;;;;;;;;;;;;;;;;;;
DNS;234;Master Herrer;Wilberg;Marius;;Blaker IL sykkel;;;;;;;;;;;;;;;;;;
DNS;225;Master Herrer;Smestad-Gran;Per Ove;;Bremsespor;;;;;;;;;;;;;;;;;;
1;237;Master Kvinner;Lund;Marte;;CK Nittedal;;00:15:31;;;00:00:42;1;00:04:31;2;00:03:08;1;00:01:35;1;00:02:19;1;00:02:39;1;00:00:37;1
2;236;Master Kvinner;Lønmo;Linda;;Aron Skiklubb;;00:16:18;+00:00:47;;00:00:45;2;00:04:29;1;00:03:16;2;00:01:39;2;00:02:32;2;00:02:56;2;00:00:41;2
3;235;Master Kvinner;Holmsen;Silje Katarina;;Aron Skiklubb;;00:17:09;+00:01:38;;00:00:47;3;00:04:47;3;00:03:20;3;00:01:42;3;00:02:45;3;00:03:02;3;00:00:46;3
4;238;Master Kvinner;Morgan;Elin;;Team Letth;;00:18:38;+00:03:07;;00:00:50;4;00:05:24;4;00:03:40;4;00:01:47;4;00:02:56;4;00:03:12;4;00:00:49;4
1;108;Senior Herrer;Landmark;Ola Jåvold;;Bærum OCK;;00:10:48;;;00:00:36;5;00:02:47;1;00:01:59;1;00:01:12;1;00:01:46;2;00:01:59;2;00:00:29;1
2;38;Senior Herrer;Sørli;Magnus Slinger;;Svelvik SK;;00:11:10;+00:00:22;;00:00:35;1;00:02:58;5;00:02:07;2;00:01:15;5;00:01:45;1;00:01:58;1;00:00:32;7
3;126;Senior Herrer;Pettersen;Bård S;;Drammen CK;;00:11:14;+00:00:26;;00:00:36;5;00:02:58;5;00:02:07;2;00:01:14;3;00:01:47;3;00:02:01;3;00:00:31;2
4;16;Senior Herrer;Carlson;Emil Aamli;;SK Rye sykkel;;00:11:15;+00:00:27;;00:00:36;5;00:02:56;3;00:02:07;2;00:01:13;2;00:01:48;5;00:02:04;6;00:00:31;2
5;135;Senior Herrer;Skarstein;Anders Guttormson;;Hemsedal IL Sykkel;;00:11:20;+00:00:32;;00:00:37;11;00:03:01;8;00:02:08;5;00:01:15;5;00:01:47;3;00:02:01;3;00:00:31;2
6;57;Senior Herrer;Brovold;Gard;;IL Heming - sykkelgruppe;;00:11:25;+00:00:37;;00:00:35;1;00:02:58;5;00:02:10;6;00:01:14;3;00:01:51;7;00:02:05;7;00:00:32;7
7;35;Senior Herrer;Littorin-Sandbu;Albin;;SK Rye sykkel;;00:11:36;+00:00:48;;00:00:37;11;00:03:05;10;00:02:10;6;00:01:17;7;00:01:49;6;00:02:07;8;00:00:31;2
8;65;Senior Herrer;Engen;Kristoffer;;Hemsedal IL Sykkel;;00:11:38;+00:00:50;;00:00:36;5;00:03:01;8;00:02:16;10;00:01:17;7;00:01:53;8;00:02:02;5;00:00:33;12
9;37;Senior Herrer;Røsås;Sander;;IF Frøy;;00:11:57;+00:01:09;;00:00:35;1;00:02:55;2;00:02:24;13;00:01:17;7;00:01:56;12;00:02:16;12;00:00:34;14
10;47;Senior Herrer;Askjer;Erlend;;Horten og Omegn's Cykleklubb;;00:11:58;+00:01:10;;00:00:38;19;00:03:11;11;00:02:15;9;00:01:20;11;00:01:53;8;00:02:09;9;00:00:32;7
11;41;Senior Herrer;Aamodt;Andre Jaksland;;Hemsedal IL Sykkel;;00:12:00;+00:01:12;;00:00:36;5;00:03:13;13;00:02:14;8;00:01:20;11;00:01:54;11;00:02:11;10;00:00:32;7
12;97;Senior Herrer;Jelstad;Eirik;;;;00:12:27;+00:01:39;;00:00:37;11;00:03:11;11;00:02:24;13;00:01:26;44;00:02:00;17;00:02:15;11;00:00:34;14
13;80;Senior Herrer;Gundersen;Anders Ruud;;;;00:12:33;+00:01:45;;00:00:39;26;00:03:25;20;00:02:25;16;00:01:20;11;00:01:57;14;00:02:16;12;00:00:31;2
14;84;Senior Herrer;Halvorsen;Niklas;;Kristiansands CK;;00:12:33;+00:01:45;;00:00:37;11;00:03:26;23;00:02:24;13;00:01:21;15;00:01:56;12;00:02:17;15;00:00:32;7
15;137;Senior Herrer;Skustad;Iver;;Aron Skiklubb;;00:12:36;+00:01:48;;00:00:36;5;00:03:23;17;00:02:27;18;00:01:21;15;00:01:57;14;00:02:17;15;00:00:35;22
16;49;Senior Herrer;Bakken;Morgan;;Kragerø SK;;00:12:48;+00:02:00;;00:00:38;19;00:03:22;16;00:02:29;20;00:01:23;23;00:02:02;24;00:02:20;22;00:00:34;14
17;78;Senior Herrer;Grøv;Tom Are;;;;00:12:50;+00:02:02;;00:00:38;19;00:03:27;26;00:02:23;12;00:01:22;20;00:02:00;17;00:02:26;45;00:00:34;14
18;106;Senior Herrer;Krosness;Ola Myklatun;;;;00:12:50;+00:02:02;;00:00:38;19;00:03:20;15;00:02:26;17;00:01:23;23;00:02:02;24;00:02:23;32;00:00:38;64
19;128;Senior Herrer;Rakneberg;Kristoffer;;Bergen MTB Klubb;;00:12:51;+00:02:03;;00:00:37;11;00:03:26;23;00:02:32;23;00:01:23;23;00:02:03;29;00:02:16;12;00:00:34;14
20;59;Senior Herrer;Coll;Christian;;;;00:12:55;+00:02:07;;00:00:38;19;00:03:26;23;00:02:35;29;00:01:19;10;00:02:03;29;00:02:20;22;00:00:34;14
21;131;Senior Herrer;Samnøy;Anders;;Aron Skiklubb;;00:12:56;+00:02:08;;00:00:39;26;00:03:23;17;00:02:33;24;00:01:22;20;00:02:02;24;00:02:21;27;00:00:36;33
22;146;Senior Herrer;Tveit;Ole André;;Kragerø SK;;00:12:57;+00:02:09;;00:00:40;46;00:03:27;26;00:02:28;19;00:01:25;34;00:02:04;31;00:02:18;19;00:00:35;22
23;129;Senior Herrer;Rief;Christian;;Hadeland CK;;00:12:58;+00:02:10;;00:00:37;11;00:03:32;34;00:02:30;21;00:01:25;34;00:01:58;16;00:02:22;29;00:00:34;14
24;45;Senior Herrer;Andresen;Kristoffer;;Aron Skiklubb;;00:12:58;+00:02:10;;00:00:40;46;00:03:25;20;00:02:35;29;00:01:25;34;00:02:00;17;00:02:17;15;00:00:36;33
25;43;Senior Herrer;AASEN;Martin;;Årvoll øl og sykkelklubb;;00:12:58;+00:02:10;;00:00:39;26;00:03:19;14;00:02:41;41;00:01:21;15;00:02:01;23;00:02:19;20;00:00:38;64
26;36;Senior Herrer;Omdal;Oskar;;Sokndal Sti og Sykkel;;00:13:00;+00:02:12;;00:00:40;46;00:03:31;33;00:02:30;21;00:01:23;23;00:02:00;17;00:02:20;22;00:00:36;33
27;127;Senior Herrer;Pham;Tommy;;Flow Enduro;;00:13:02;+00:02:14;;00:00:39;26;00:03:24;19;00:02:35;29;00:01:25;34;00:02:04;31;00:02:20;22;00:00:35;22
28;90;Senior Herrer;Haugen;Knut Erik;;CK Nittedal;;00:13:13;+00:02:25;;00:00:39;26;00:03:27;26;00:02:37;35;00:01:23;23;00:02:08;47;00:02:23;32;00:00:36;33
29;121;Senior Herrer;Nygaard;Fredrik;;;;00:13:14;+00:02:26;;00:00:40;46;00:03:28;30;00:02:34;28;00:01:26;44;00:02:07;39;00:02:20;22;00:00:39;76
30;53;Senior Herrer;Bøhler;Joachim;;;;00:13:14;+00:02:26;;00:00:41;63;00:03:33;37;00:02:38;38;00:01:24;30;00:02:00;17;00:02:17;15;00:00:41;99
31;114;Senior Herrer;Mageli;Håvard;;;;00:13:16;+00:02:28;;00:00:41;63;00:03:35;40;00:02:33;24;00:01:26;44;00:02:02;24;00:02:23;32;00:00:36;33
32;133;Senior Herrer;Sigley;Martin Solheim;;Hadeland CK;;00:13:18;+00:02:30;;00:00:37;11;00:03:38;47;00:02:33;24;00:01:22;20;00:02:07;39;00:02:26;45;00:00:35;22
33;107;Senior Herrer;Kvåle;Hans Jørgen;;Hadeland CK;;00:13:18;+00:02:30;;00:00:39;26;00:03:35;40;00:02:33;24;00:01:23;23;00:02:09;49;00:02:23;32;00:00:36;33
34;23;Senior Herrer;Kvil;Pål Thomas;;Kolbotn SK;;00:13:19;+00:02:31;;00:00:39;26;00:03:38;47;00:02:36;33;00:01:24;30;00:02:05;35;00:02:22;29;00:00:35;22
35;120;Senior Herrer;Nordbakken;Lars Frederic;;Romeriksåsen SK;;00:13:20;+00:02:32;;00:00:39;26;00:03:32;34;00:02:35;29;00:01:25;34;00:02:10;54;00:02:21;27;00:00:38;64
36;60;Senior Herrer;Couturier;Nicolas Yann;;SK Rye sykkel;;00:13:25;+00:02:37;;00:00:41;63;00:03:33;37;00:02:42;46;00:01:26;44;00:02:07;39;00:02:19;20;00:00:37;48
37;125;Senior Herrer;Øygard;Kjetil;;Lillehammer CK;;00:13:27;+00:02:39;;00:00:40;46;00:03:35;40;00:02:41;41;00:01:24;30;00:02:06;36;00:02:24;37;00:00:37;48
38;149;Senior Herrer;Winther;Torjus;;Krokskogen Cykleklubb;;00:13:30;+00:02:42;;00:00:38;19;00:03:33;37;00:02:39;39;00:01:24;30;00:02:10;54;00:02:31;61;00:00:35;22
39;30;Senior Herrer;Rudi;Tor Ivan;;Røyken CK;;00:13:34;+00:02:46;;00:00:39;26;00:03:38;47;00:02:43;48;00:01:25;34;00:02:11;59;00:02:23;32;00:00:35;22
40;139;Senior Herrer;Sletto;Per Jørgen;;;;00:13:34;+00:02:46;;00:00:40;46;00:03:35;40;00:02:43;48;00:01:28;58;00:02:07;39;00:02:24;37;00:00:37;48
41;144;Senior Herrer;Svenne;Petter Solberg;;Aron Skiklubb;;00:13:37;+00:02:49;;00:00:41;63;00:03:37;45;00:02:37;35;00:01:25;34;00:02:07;39;00:02:30;58;00:00:40;91
42;89;Senior Herrer;Haug;Ivar;;Holmsbu IF;;00:13:41;+00:02:53;;00:00:45;109;00:03:40;51;00:02:41;41;00:01:26;44;00:02:06;36;00:02:26;45;00:00:37;48
43;102;Senior Herrer;Kildahl;Arne Diederik;;Bø Idrettslag;;00:13:42;+00:02:54;;00:00:41;63;00:03:44;56;00:02:45;53;00:01:25;34;00:02:04;31;00:02:26;45;00:00:37;48
44;130;Senior Herrer;Sagadalen;Karl Andreas;;Hadeland CK;;00:13:44;+00:02:56;;00:00:40;46;00:03:37;45;00:02:54;75;00:01:25;34;00:02:09;49;00:02:24;37;00:00:35;22
45;112;Senior Herrer;Løken;Kristoffer;;Narvik CK;;00:13:44;+00:02:56;;00:00:39;26;00:03:29;31;00:02:51;64;00:01:26;44;00:02:10;54;00:02:32;65;00:00:37;48
46;123;Senior Herrer;Olsen;Christoffer Borge;;Aron Skiklubb;;00:13:46;+00:02:58;;00:00:39;26;00:03:38;47;00:02:41;41;00:01:26;44;00:02:14;68;00:02:29;56;00:00:39;76
47;34;Senior Herrer;Bekkevold;Even;;Asker;;00:13:48;+00:03:00;;00:00:39;26;00:03:41;53;00:02:54;75;00:01:25;34;00:02:12;61;00:02:22;29;00:00:35;22
48;39;Senior Herrer;Trydal;Håkon;;Arendal Singletrack;;00:13:50;+00:03:02;;00:00:41;63;00:03:40;51;00:02:51;64;00:01:27;55;00:02:09;49;00:02:27;51;00:00:35;22
49;70;Senior Herrer;Finholt;Markus;;Bakpågutta;;00:14:06;+00:03:18;;00:00:39;26;00:03:53;65;00:02:47;56;00:01:26;44;00:02:14;68;00:02:33;67;00:00:34;14
50;20;Senior Herrer;Høydahl;Edmund;;;;00:14:06;+00:03:18;;00:00:40;46;00:03:46;58;00:02:51;64;00:01:27;55;00:02:11;59;00:02:31;61;00:00:40;91
51;58;Senior Herrer;Carlsen;Stian;;SK Rye sykkel;;00:14:07;+00:03:19;;00:00:40;46;00:03:41;53;00:02:43;48;00:01:28;58;00:02:07;39;00:02:51;93;00:00:37;48
52;99;Senior Herrer;Johansen;Pål;;Aron Skiklubb;;00:14:10;+00:03:22;;00:00:39;26;00:04:08;89;00:02:48;59;00:01:26;44;00:02:08;47;00:02:24;37;00:00:37;48
53;31;Senior Herrer;Strandvold;Tommy;;Follo SK;;00:14:14;+00:03:26;;00:00:40;46;00:03:54;69;00:02:56;81;00:01:31;80;00:02:10;54;00:02:27;51;00:00:36;33
54;94;Senior Herrer;Ulltang;Gøran Høyvik;;Bø idretslag;;00:14:14;+00:03:26;;00:01:03;130;00:03:55;71;00:02:41;41;00:01:28;58;00:02:04;31;00:02:25;43;00:00:38;64
55;85;Senior Herrer;Hamran;Mikael;;;;00:14:14;+00:03:26;;00:00:39;26;00:03:32;34;00:02:37;35;00:01:31;80;00:02:09;49;00:02:24;37;00:01:22;126
56;52;Senior Herrer;Blomgren;Sander;;Grimstad SK;;00:14:16;+00:03:28;;00:00:42;77;00:03:52;64;00:02:56;81;00:01:30;73;00:02:10;54;00:02:30;58;00:00:36;33
57;147;Senior Herrer;Aakre;Levi Vøllestad;;;;00:14:17;+00:03:29;;00:00:42;77;00:03:51;63;00:02:50;62;00:01:26;44;00:02:17;77;00:02:35;69;00:00:36;33
58;105;Senior Herrer;Kristoffersen;Dag Erik;;Hadeland CK;;00:14:18;+00:03:30;;00:00:40;46;00:03:57;75;00:02:48;59;00:01:29;66;00:02:16;75;00:02:31;61;00:00:37;48
59;27;Senior Herrer;Nordhaug;Stian;;Larvik Heldemperlaug;;00:14:18;+00:03:30;;00:00:41;63;00:04:04;82;00:02:45;53;00:01:26;44;00:02:12;61;00:02:32;65;00:00:38;64
60;117;Senior Herrer;Melby;Joakim;;;;00:14:19;+00:03:31;;00:00:51;125;00:03:54;69;00:02:58;87;00:01:28;58;00:02:07;39;00:02:25;43;00:00:36;33
61;25;Senior Herrer;Martinsen;Erik;;Kolbotn SK;;00:14:23;+00:03:35;;00:00:43;88;00:04:00;79;00:02:54;75;00:01:29;66;00:02:14;68;00:02:26;45;00:00:37;48
62;136;Senior Herrer;Skollevoll;Christian;;IK Hero;;00:14:23;+00:03:35;;00:00:42;77;00:04:08;89;00:02:51;64;00:01:32;85;00:02:06;36;00:02:27;51;00:00:37;48
63;74;Senior Herrer;Geiseler;Samuel;;Tromsø Enduro;;00:14:24;+00:03:36;;00:00:42;77;00:03:55;71;00:02:49;61;00:01:30;73;00:02:13;63;00:02:36;72;00:00:39;76
64;79;Senior Herrer;Gulsrud;Henrik;;Stavanger SK;;00:14:24;+00:03:36;;00:00:47;119;00:03:48;60;00:02:47;56;00:01:29;66;00:02:24;93;00:02:29;56;00:00:40;91
65;18;Senior Herrer;Haraldsen;Stian;;Kleiva Pedal Pushers;;00:14:27;+00:03:39;;00:00:40;46;00:03:53;65;00:02:52;71;00:01:30;73;00:02:16;75;00:02:39;79;00:00:37;48
66;29;Senior Herrer;Reite;Stian;;Skagerrak Sportsklubb;;00:14:27;+00:03:39;;00:00:41;63;00:03:53;65;00:02:50;62;00:01:31;80;00:02:26;99;00:02:28;55;00:00:38;64
67;33;Senior Herrer;Westberg;Wilmer August;;Santa Shredders;;00:14:28;+00:03:40;;00:00:43;88;00:03:55;71;00:02:44;52;00:01:34;97;00:02:22;90;00:02:30;58;00:00:40;91
68;51;Senior Herrer;Bjerknes;Tobias;;CK Nittedal;;00:14:30;+00:03:42;;00:00:41;63;00:03:53;65;00:02:54;75;00:01:31;80;00:02:15;73;00:02:38;77;00:00:38;64
69;148;Senior Herrer;Wilde;William;;Bakpågutta;;00:14:33;+00:03:45;;00:00:39;26;00:04:14;93;00:02:51;64;00:01:28;58;00:02:13;63;00:02:31;61;00:00:37;48
70;86;Senior Herrer;Hansen;Fredrik;;Aron Skiklubb;;00:14:35;+00:03:47;;00:00:42;77;00:03:58;76;00:02:52;71;00:01:30;73;00:02:20;85;00:02:35;69;00:00:38;64
71;96;Senior Herrer;Jahnsen;Magnus Finnes;;Hasle-Løren IL;;00:14:36;+00:03:48;;00:00:39;26;00:03:27;26;00:02:43;48;00:01:21;15;00:02:00;17;00:03:50;121;00:00:36;33
72;141;Senior Herrer;Strandbråten;Espen;;Modum CK;;00:14:36;+00:03:48;;00:00:40;46;00:03:45;57;00:03:27;109;00:01:30;73;00:02:09;49;00:02:27;51;00:00:38;64
73;132;Senior Herrer;Semb;Jostein;;;;00:14:36;+00:03:48;;00:00:42;77;00:04:04;82;00:02:52;71;00:01:28;58;00:02:17;77;00:02:33;67;00:00:40;91
74;68;Senior Herrer;Fagernes;Magnus Nyke;;;;00:14:38;+00:03:50;;00:00:40;46;00:03:50;62;00:03:20;104;00:01:33;90;00:02:15;73;00:02:24;37;00:00:36;33
75;19;Senior Herrer;Hjellvoll;Robert;;Kragerø SK;;00:14:38;+00:03:50;;00:00:41;63;00:04:04;82;00:02:53;74;00:01:30;73;00:02:13;63;00:02:39;79;00:00:38;64
76;77;Senior Herrer;Groa;Anders;;Herkules IF;;00:14:47;+00:03:59;;00:00:43;88;00:03:56;74;00:02:51;64;00:01:28;58;00:02:26;99;00:02:44;88;00:00:39;76
77;62;Senior Herrer;Diseth;Marius;;CK Nittedal;;00:14:50;+00:04:02;;00:00:43;88;00:04:07;87;00:02:54;75;00:01:32;85;00:02:14;68;00:02:42;86;00:00:38;64
78;140;Senior Herrer;Storm;Petter;;Stiftstaden SK Trondheim;;00:14:51;+00:04:03;;00:00:40;46;00:04:16;97;00:02:46;55;00:01:29;66;00:02:13;63;00:02:26;45;00:01:01;125
79;92;Senior Herrer;Helgen;Anders;;Team CBP;;00:14:53;+00:04:05;;00:00:42;77;00:04:00;79;00:02:57;83;00:01:28;58;00:02:24;93;00:02:47;91;00:00:35;22
80;75;Senior Herrer;Glazebrook;Stephen;;;;00:14:57;+00:04:09;;00:00:38;19;00:04:14;93;00:03:05;93;00:01:30;73;00:02:19;84;00:02:35;69;00:00:36;33
81;22;Senior Herrer;Knutsen;John;;;;00:15:00;+00:04:12;;00:00:43;88;00:04:12;91;00:02:51;64;00:01:34;97;00:02:22;90;00:02:39;79;00:00:39;76
82;115;Senior Herrer;Marthinsen;Christian;;;;00:15:02;+00:04:14;;00:00:43;88;00:04:03;81;00:03:00;90;00:01:27;55;00:02:24;93;00:02:43;87;00:00:42;104
83;82;Senior Herrer;Hægeland;Kristian;;;;00:15:11;+00:04:23;;00:00:44;100;00:03:59;77;00:03:10;96;00:01:34;97;00:02:25;97;00:02:41;85;00:00:38;64
84;110;Senior Herrer;Lekman;Kjetil Andre;;Norcem;;00:15:14;+00:04:26;;00:00:42;77;00:03:59;77;00:03:02;91;00:01:32;85;00:02:18;80;00:03:02;106;00:00:39;76
85;64;Senior Herrer;Eilifsen;Stian;;CK Nittedal;;00:15:15;+00:04:27;;00:00:43;88;00:04:12;91;00:02:58;87;00:01:34;97;00:02:27;103;00:02:40;84;00:00:41;99
86;44;Senior Herrer;Allendes;Pablo;;;;00:15:21;+00:04:33;;00:00:44;100;00:04:30;107;00:02:57;83;00:01:36;106;00:02:18;80;00:02:37;76;00:00:39;76
87;113;Senior Herrer;Løvaas;Kjetil;;;;00:15:34;+00:04:46;;00:00:43;88;00:04:22;101;00:03:15;103;00:01:36;106;00:02:23;92;00:02:36;72;00:00:39;76
88;32;Senior Herrer;Strømstad;Roger;;RTL;;00:15:35;+00:04:47;;00:00:44;100;00:04:36;111;00:03:03;92;00:01:33;90;00:02:18;80;00:02:39;79;00:00:42;104
89;56;Senior Herrer;Breving;Martin;;;;00:15:39;+00:04:51;;00:00:44;100;00:04:21;100;00:03:11;99;00:01:36;106;00:02:20;85;00:02:46;90;00:00:41;99
90;71;Senior Herrer;Firing;Thomas Wennerød;;CK Jarlsberg;;00:15:46;+00:04:58;;00:00:44;100;00:04:04;82;00:03:52;120;00:01:29;66;00:02:18;80;00:02:39;79;00:00:40;91
91;88;Senior Herrer;Hansen;Kenneth;;Jæren Singeltrack;;00:15:49;+00:05:01;;00:00:44;100;00:04:24;103;00:02:57;83;00:01:32;85;00:02:28;105;00:03:04;108;00:00:40;91
92;100;Senior Herrer;Johnsrud;Anders Todal;;Krokskogen Cykleklubb;;00:15:53;+00:05:05;;00:00:49;121;00:04:15;96;00:03:08;95;00:01:34;97;00:02:24;93;00:03:01;105;00:00:42;104
93;66;Senior Herrer;Engseth;Nicklas;;Team Lapierre;;00:15:56;+00:05:08;;00:00:45;109;00:04:27;105;00:03:11;99;00:01:33;90;00:02:21;89;00:02:58;101;00:00:41;99
94;63;Senior Herrer;Eftedal;Christian;;Larvik Heldemperlaug;;00:15:57;+00:05:09;;00:00:42;77;00:04:04;82;00:03:14;102;00:01:33;90;00:02:46;117;00:02:56;99;00:00:42;104
95;122;Senior Herrer;Olsen;Alexander Berg;;;;00:16:06;+00:05:18;;00:00:45;109;00:04:35;109;00:03:06;94;00:01:38;110;00:02:27;103;00:02:56;99;00:00:39;76
96;124;Senior Herrer;Øren;Magnus;;;;00:16:11;+00:05:23;;00:00:41;63;00:05:28;125;00:02:57;83;00:01:32;85;00:02:17;77;00:02:36;72;00:00:40;91
97;76;Senior Herrer;Gonsholt;Mikel;;Bakpågutta;;00:16:11;+00:05:23;;00:00:45;109;00:04:17;98;00:03:10;96;00:01:41;114;00:02:36;109;00:02:58;101;00:00:44;115
98;134;Senior Herrer;Sjømark;Raymond;;;;00:16:21;+00:05:33;;00:00:43;88;00:04:39;112;00:03:34;114;00:01:34;97;00:02:34;108;00:02:38;77;00:00:39;76
99;93;Senior Herrer;Henriksen;Jens;;Laugets venner;;00:16:21;+00:05:33;;00:00:42;77;00:04:07;87;00:03:13;101;00:01:37;109;00:02:36;109;00:03:27;115;00:00:39;76
100;50;Senior Herrer;Bjerkan;Frank;;Team Wolfpack;;00:16:27;+00:05:39;;00:00:44;100;00:04:41;114;00:03:23;106;00:01:48;123;00:02:20;85;00:02:52;95;00:00:39;76
101;55;Senior Herrer;Børhaug;Even;;;;00:16:29;+00:05:41;;00:00:43;88;00:04:27;105;00:03:10;96;00:01:35;105;00:02:41;115;00:03:11;110;00:00:42;104
102;145;Senior Herrer;Tranberg;Kenneth;;TEAM CBP;;00:16:37;+00:05:49;;00:00:44;100;00:04:47;117;00:03:27;109;00:01:38;110;00:02:26;99;00:02:58;101;00:00:37;48
103;17;Senior Herrer;Gulland;Kim Rune;;;;00:16:44;+00:05:56;;00:00:45;109;00:04:44;116;00:03:20;104;00:01:52;127;00:02:36;109;00:02:48;92;00:00:39;76
104;142;Senior Herrer;Strømstad;Martin;;;;00:16:47;+00:05:59;;00:00:45;109;00:04:33;108;00:03:28;111;00:01:41;114;00:02:31;107;00:03:08;109;00:00:41;99
105;15;Senior Herrer;Bjervamoen;Jon Olav;;Skagerrak Sportsklubb;;00:16:59;+00:06:11;;00:00:40;46;00:06:19;127;00:02:54;75;00:01:33;90;00:02:20;85;00:02:36;72;00:00:37;48
106;46;Senior Herrer;Andresen;Petter Svarstad;;Ola Hættenbætten;;00:16:59;+00:06:11;;00:00:45;109;00:04:56;119;00:03:24;107;00:01:42;118;00:02:37;112;00:02:53;96;00:00:42;104
107;24;Senior Herrer;Lassen;Cato;;Tønsberg CK;;00:17:00;+00:06:12;;00:00:43;88;00:04:35;109;00:03:36;115;00:01:34;97;00:02:56;120;00:02:51;93;00:00:45;118
108;40;Senior Herrer;Aalby;Andreas;;Asker CK;;00:17:17;+00:06:29;;00:00:35;1;00:02:57;4;00:02:16;10;00:01:20;11;00:01:53;8;00:07:43;123;00:00:33;12
109;101;Senior Herrer;Kåsen;Hans Christian;;IK Hero;;00:17:39;+00:06:51;;00:00:43;88;00:04:20;99;00:03:29;112;00:01:38;110;00:02:25;97;00:02:45;89;00:02:19;127
110;48;Senior Herrer;Bakken;Kim;;Laugets Venner;;00:17:46;+00:06:58;;00:00:50;124;00:04:42;115;00:03:30;113;00:01:45;120;00:02:39;114;00:03:37;117;00:00:43;112
111;111;Senior Herrer;Lien.kristian;Lien.kristian;;Ola Hættenbætten;;00:17:50;+00:07:02;;00:00:42;77;00:04:49;118;00:03:38;117;00:01:38;110;00:03:27;124;00:02:54;97;00:00:42;104
112;91;Senior Herrer;Havgar-Galaz;Gonzalo;;Team Wolfpack;;00:18:33;+00:07:45;;00:00:45;109;00:05:11;122;00:03:38;117;00:01:47;122;00:02:47;118;00:03:42;120;00:00:43;112
113;21;Senior Herrer;Karlsen;Kim Egil;;;;00:18:52;+00:08:04;;00:00:49;121;00:05:06;120;00:03:54;121;00:01:41;114;00:03:20;123;00:03:14;111;00:00:48;119
114;72;Senior Herrer;Fjellhøy;Bjarne;;;;00:18:56;+00:08:08;;00:00:51;125;00:05:13;123;00:03:37;116;00:01:51;125;00:03:19;122;00:03:21;113;00:00:44;115
115;104;Senior Herrer;Knutsen;Andrè;;Eidanger IL;;00:19:09;+00:08:21;;00:00:41;63;00:03:49;61;00:06:50;128;00:01:33;90;00:02:38;113;00:02:59;104;00:00:39;76
116;116;Senior Herrer;Mathisen;Emil Lilleby;;Gåresågåre;;00:20:09;+00:09:21;;00:00:48;120;00:05:22;124;00:04:18;122;00:02:01;129;00:03:30;125;00:03:20;112;00:00:50;120
117;81;Senior Herrer;Haakonsen;Pål Robin;;;;00:20:34;+00:09:46;;00:00:51;125;00:04:39;112;00:06:46;127;00:01:41;114;00:02:51;119;00:03:02;106;00:00:44;115
118;26;Senior Herrer;Netland;Svein Oddvar;;Equinor;;00:22:55;+00:12:07;;00:00:54;128;00:06:40;128;00:05:02;124;00:01:57;128;00:03:38;126;00:03:53;122;00:00:51;121
119;42;Senior Herrer;Aas;Andreas;;;;00:23:06;+00:12:18;;00:00:46;117;00:08:59;129;00:04:30;123;00:01:50;124;00:02:41;115;00:03:38;119;00:00:42;104
120;87;Senior Herrer;Hansen;Gjermund;;;;00:23:25;+00:12:37;;00:00:58;129;00:06:17;126;00:05:33;125;00:02:01;129;00:04:14;128;00:03:27;115;00:00:55;124
121;13;Senior Herrer;Andersson;Carl Axel;;Team CBP;;00:23:40;+00:12:52;;00:00:41;63;00:03:41;53;00:02:47;56;00:01:31;80;00:02:14;68;00:12:10;124;00:00:36;33
122;69;Senior Herrer;Falch-Pedersen;Øystein;;Herkules IF;;00:25:53;+00:15:05;;00:00:39;26;00:03:29;31;00:02:42;46;00:01:23;23;00:02:07;39;00:14:50;125;00:00:43;112
123;28;Senior Herrer;Østerud;Glenn;;Aron Skiklubb;;00:26:28;+00:15:40;;00:00:44;100;00:10:11;130;00:06:03;126;00:01:51;125;00:03:11;121;00:03:37;117;00:00:51;121
124;98;Senior Herrer;Jensen;Morten;;Team CBP;;00:29:57;+00:19:09;;00:00:40;46;00:03:36;44;00:02:40;40;00:01:29;66;00:02:02;24;00:18:54;126;00:00:36;33
125;119;Senior Herrer;Nome;Andreas;;Oslo Sportslager;;00:41:28;+00:30:40;;00:00:49;121;00:05:07;121;00:03:51;119;00:01:46;121;00:25:40;130;00:03:22;114;00:00:53;123
126;83;Senior Herrer;Halsall;Adam;;;;00:45:38;+00:34:50;;00:00:39;26;00:04:23;102;00:02:59;89;00:01:34;97;00:02:13;63;00:33:13;127;00:00:37;48
DNF;109;Senior Herrer;Leahy;James;;;;;;;00:00:41;63;00:04:25;104;;;00:01:33;90;00:02:30;106;00:02:55;98;00:00:39;76
DNF;138;Senior Herrer;Sletten;Marcus Emil;;;;;;;00:00:46;117;00:04:14;93;00:03:24;107;00:01:44;119;00:02:26;99;;;;
DNF;95;Senior Herrer;Huseby;Jørn;;;;;;;00:00:37;11;00:03:25;20;00:02:36;33;00:01:21;15;00:03:56;127;;;;
DNF;61;Senior Herrer;Davidsen;Jon Terje;;MILTON Larvik Sportsklubb;;;;;00:00:39;26;00:03:46;58;00:10:19;129;00:01:29;66;00:07:10;129;;;;
DNS;118;Senior Herrer;Namlos;Trond Ole;;;;;;;;;;;;;;;;;;;;
DNS;14;Senior Herrer;Authen;Jostein Amlie;;;;;;;;;;;;;;;;;;;;
DNS;54;Senior Herrer;Bokrantz;Jon;;Göteborgs Stigcyklister;;;;;;;;;;;;;;;;;;
DNS;143;Senior Herrer;Sundal;Kenneth;;Team Wolfpack;;;;;;;;;;;;;;;;;;
DNS;67;Senior Herrer;Fagerli;Ole Christian;;Romeriksåsen SK;;;;;;;;;;;;;;;;;;
DNS;73;Senior Herrer;Franzén;Jonas;;Göteborgs Stigcyklister;;;;;;;;;;;;;;;;;;
DNS;103;Senior Herrer;Klingenberg;Kristoffer;;SK Rye sykkel;;;;;;;;;;;;;;;;;;
1;160;Senior Kvinner;Strædet;Hilde;;Kristiansands CK;;00:13:43;;;00:00:41;2;00:03:42;1;00:02:41;1;00:01:29;3;00:02:07;1;00:02:27;1;00:00:36;2
2;159;Senior Kvinner;Pettersen;Lene Snerk;;Eidanger IL;;00:13:47;+00:00:04;;00:00:39;1;00:03:44;2;00:02:47;3;00:01:26;1;00:02:09;3;00:02:27;1;00:00:35;1
3;156;Senior Kvinner;Leivsdottir;Vera;;Bergen MTB Klubb;;00:14:06;+00:00:23;;00:00:42;4;00:03:51;5;00:02:43;2;00:01:30;4;00:02:12;4;00:02:30;3;00:00:38;4
4;155;Senior Kvinner;Håkonsson;Ida;;SK Rye sykkel;;00:14:21;+00:00:38;;00:00:44;6;00:03:47;4;00:02:51;4;00:01:31;5;00:02:19;5;00:02:32;4;00:00:37;3
5;150;Senior Kvinner;Bastnes;Anette Røssum;;SK Rye sykkel;;00:14:35;+00:00:52;;00:00:41;2;00:03:44;2;00:03:20;6;00:01:28;2;00:02:07;1;00:02:37;5;00:00:38;4
6;158;Senior Kvinner;Nerland;Emily;;Rakkestad Sykkelklubb;;00:16:23;+00:02:40;;00:00:43;5;00:04:39;6;00:03:19;5;00:01:47;7;00:02:30;6;00:02:47;6;00:00:38;4
7;161;Senior Kvinner;Torgersbråten;Stine;;Team Letth;;00:17:02;+00:03:19;;00:00:48;7;00:04:55;8;00:03:22;7;00:01:41;6;00:02:38;7;00:02:55;7;00:00:43;7
8;154;Senior Kvinner;Gjerde;Silje;;Team Ibis Norway;;00:20:02;+00:06:19;;00:00:53;10;00:05:34;9;00:04:01;8;00:01:56;8;00:03:22;9;00:03:28;9;00:00:48;9
9;153;Senior Kvinner;Eriksen;Ann Kristin;;IK Hero;;00:23:34;+00:09:51;;00:01:07;11;00:06:44;10;00:05:05;9;00:02:15;10;00:03:41;10;00:03:48;10;00:00:54;10
DNF;152;Senior Kvinner;Damry;Marita;;Gresvik IF;;;;;00:00:50;8;00:04:44;7;;;00:01:56;8;00:02:41;8;00:03:05;8;00:00:47;8
DNF;157;Senior Kvinner;Nærum;Ida Rydland;;CK Nittedal;;;;;00:00:50;8;;;;;;;;;;;;
DNS;151;Senior Kvinner;Leiren;Kirstin;;Sagene IF Sykkel;;;;;;;;;;;;;;;;;;
1;285;M11-12;Haugen;Victor Tryaire;;Bærum OCK;;00:02:28;;;00:01:46;1;00:00:42;1;;;;;;;;;;
2;283;M11-12;Djupvik-Hansen;Christoffer;;Haugfoss;;00:02:36;+00:00:08;;00:01:51;2;00:00:45;2;;;;;;;;;;
3;278;M11-12;Arnesen;Marcus;;;;00:02:37;+00:00:09;;00:01:51;2;00:00:46;3;;;;;;;;;;
4;286;M11-12;Trægde;Ib;;Tømmerholt if;;00:02:41;+00:00:13;;00:01:54;4;00:00:47;4;;;;;;;;;;
5;279;M11-12;Engebretsen;Sean;;Team Lapierre Norge;;00:02:51;+00:00:23;;00:01:58;5;00:00:53;5;;;;;;;;;;
6;282;M11-12;Berget;Marius W.;;Herkules;;00:02:57;+00:00:29;;00:02:03;7;00:00:54;6;;;;;;;;;;
7;281;M11-12;Møllernyegaard;Noah;;HHL’s sønner;;00:02:57;+00:00:29;;00:02:02;6;00:00:55;7;;;;;;;;;;
8;284;M11-12;Frydenlund;Noah Nathaniel;;HHL JR;;00:03:57;+00:01:29;;00:02:47;9;00:01:10;8;;;;;;;;;;
9;280;M11-12;Sveva;Felix;;Sandefjord SK;;00:07:31;+00:05:03;;00:02:33;8;00:04:58;9;;;;;;;;;;
1;275;M13-14;Lidsheim;Brage;;CK Nittedal;;00:02:07;;;00:01:33;4;00:00:34;1;;;;;;;;;;
2;270;M13-14;Halvorsen;Sebastian;;Nesodden SK;;00:02:10;+00:00:03;;00:01:32;2;00:00:38;2;;;;;;;;;;
2;274;M13-14;Kleppan;Daniel;;Flytsti;;00:02:10;+00:00:03;;00:01:32;2;00:00:38;2;;;;;;;;;;
4;277;M13-14;Røisli;Jo;;CK Nittedal;;00:02:11;+00:00:04;;00:01:31;1;00:00:40;6;;;;;;;;;;
5;273;M13-14;Johansen;Mathias;;Team Lapierre Norge;;00:02:19;+00:00:12;;00:01:40;5;00:00:39;4;;;;;;;;;;
6;271;M13-14;Frisk;Aslak;;Drangedal IL;;00:02:27;+00:00:20;;00:01:48;7;00:00:39;4;;;;;;;;;;
7;276;M13-14;Tveten;Vetle;;Gsk;;00:02:27;+00:00:20;;00:01:45;6;00:00:42;7;;;;;;;;;;
DNF;272;M13-14;Strand;Ludvig;;IL Heming - sykkelgruppe;;;;;;;;;;;;;;;;;;
1;251;M15-16;Scheele;William;;SK Rye sykkel;;00:01:50;;;00:01:17;1;00:00:33;1;;;;;;;;;;
2;260;M15-16;Brovold;Per Einar;;IL Heming - sykkelgruppe;;00:01:52;+00:00:02;;00:01:19;2;00:00:33;1;;;;;;;;;;
3;261;M15-16;Tønnessen;Erik;;Mandal CK;;00:01:56;+00:00:06;;00:01:21;3;00:00:35;3;;;;;;;;;;
4;265;M15-16;Bakken;Theodor;;Aron Skiklubb;;00:01:57;+00:00:07;;00:01:22;4;00:00:35;3;;;;;;;;;;
5;259;M15-16;Saksvik;Oscar;;Asker CK;;00:01:58;+00:00:08;;00:01:23;5;00:00:35;3;;;;;;;;;;
6;268;M15-16;Langeland;Mads;;Kristiansands CK;;00:01:59;+00:00:09;;00:01:23;5;00:00:36;9;;;;;;;;;;
7;266;M15-16;Brochmann;Petter;;CK Nittedal;;00:02:00;+00:00:10;;00:01:25;8;00:00:35;3;;;;;;;;;;
7;263;M15-16;Sandengen;Alexander;;Kongens berg sti og landeveis røvere;;00:02:00;+00:00:10;;00:01:25;8;00:00:35;3;;;;;;;;;;
9;262;M15-16;Downing;Jasem Rustad;;;;00:02:00;+00:00:10;;00:01:24;7;00:00:36;9;;;;;;;;;;
10;256;M15-16;Hauk;Steffen;;;;00:02:05;+00:00:15;;00:01:28;10;00:00:37;11;;;;;;;;;;
11;287;M15-16;Bredesen;Alexander;;Eidsvoll SK;;00:02:07;+00:00:17;;00:01:32;12;00:00:35;3;;;;;;;;;;
12;254;M15-16;Jacobsen;Jostein;;;;00:02:08;+00:00:18;;00:01:30;11;00:00:38;12;;;;;;;;;;
13;250;M15-16;Oterholt;Andreas;;;;00:02:11;+00:00:21;;00:01:33;13;00:00:38;12;;;;;;;;;;
14;255;M15-16;Bærstad;Mathias;;;;00:02:15;+00:00:25;;00:01:36;15;00:00:39;14;;;;;;;;;;
15;269;M15-16;Mathisen;Sigurd Bjørndalen;;Aron Skiklubb;;00:02:19;+00:00:29;;00:01:34;14;00:00:45;15;;;;;;;;;;
16;257;M15-16;Hjellvoll;Sander K;;;;00:02:28;+00:00:38;;00:01:43;16;00:00:45;15;;;;;;;;;;
17;252;M15-16;Reite;Sindre;;Korttråkkerne junior;;00:02:42;+00:00:52;;00:01:55;18;00:00:47;17;;;;;;;;;;
18;267;M15-16;Svenning;Tobias;;Bamble IF;;00:04:39;+00:02:49;;00:01:47;17;00:02:52;18;;;;;;;;;;
DNF;253;M15-16;Storhaug;Erik;;Kragerø SK;;;;;;;;;;;;;;;;;;
DNF;264;M15-16;Amat;Sebastien;;CK Nittedal;;;;;;;;;;;;;;;;;;