Rank;Startnumber;Firstname;Surname;Gender;Nat;Club;Race;Class;Total Time;Diff Winner;TimeOfDay;City
1;66;Alice;Grindheim;F;NOR;Drammen CK;FE 1;K Senior;4:34.0;0:00.0;2016-06-19T11:12:36.5010000;Oslo
2;48;Vera;Leivsdottir;F;NOR;Bergen MTB Klubb;FE 1;K Senior;4:38.0;0:04.0;2016-06-19T10:53:09.6660000;Bergen
3;78;Helene Thon;Moland;F;NOR;Hemsedal IL Sykkel;FE 1;K Senior;4:41.0;0:07.0;2016-06-19T10:29:43.8550000;Hosle
4;44;Stina;Bondehagen;F;NOR;Aron Skiklubb;FE 1;K Senior;4:46.0;0:12.0;2016-06-19T10:30:18.4870000;Oslo
5;109;Elin;Berg;F;NOR;Molde CK;FE 1;K Senior;4:48.0;0:14.0;2016-06-19T10:48:50.2720000;Molde
6;16;Anette Røssum;Bastnes;F;NOR;OSLO;FE 1;K Senior;4:56.0;0:22.0;2016-06-19T11:03:57.3180000;Oslo
7;108;Anne;Melbo;F;NOR;Molde CK;FE 1;K Senior;5:02.0;0:28.0;2016-06-19T10:49:34.5370000;Molde
8;93;Julie;Appelkvist;F;NOR;IL Stjørdals-Blink;FE 1;K Senior;5:06.0;0:32.0;2016-06-19T10:33:38.2450000;TRONDHEIM
9;87;Marte;Lund;F;NOR;IF Frøy;FE 1;K Senior;5:09.0;0:35.0;2016-06-19T10:19:10.9020000;Oslo
10;135;Ida;Håkonsson;F;NOR;SK Rye sykkel;FE 1;K Senior;5:17.0;0:43.0;2016-06-19T11:11:48.6340000;Oslo
11;125;Karen;Almås;F;NOR;SK Rye sykkel;FE 1;K Senior;5:41.0;1:07.0;2016-06-19T11:05:44.2030000;OSLO
12;49;Elinborg;Olafsdottir;F;ISL;Bergen MTB Klubb;FE 1;K Senior;6:05.0;1:31.0;2016-06-19T10:55:06.3110000;BERGEN
13;38;Beate;Akselsen;F;NOR;OSLO;FE 1;K Senior;6:44.0;2:10.0;2016-06-19T11:17:45.7930000;OSLO
14;46;Silje;Gjerde;F;NOR;Aron Skiklubb;FE 1;K Senior;6:55.0;2:21.0;2016-06-19T10:52:57.7050000;OSLO
15;88;Martine;Stenbro;F;NOR;IF Frøy;FE 1;K Senior;23:35.0;19:01.0;2016-06-19T11:32:37.3270000;Oslo
1;129;Zakarias Blom;Johansen;M;NOR;SK Rye sykkel;FE 1;M Senior;3:22.0;0:00.0;2016-06-19T10:25:23.9690000;Kolsås
2;1;Robin;Wallner;M;SWE;JÄRPEN;FE 1;M Senior;3:28.0;0:06.0;2016-06-19T10:14:29.8000000;Järpen
3;136;Thomas;Klingenberg;M;NOR;SK Rye sykkel;FE 1;M Senior;3:30.0;0:08.0;2016-06-19T10:03:32.6210000;Oslo
4;57;Preben;Nøkleby;M;NOR;Bergen MTB Klubb;FE 1;M Senior;3:33.0;0:11.0;2016-06-19T10:04:03.9150000;BERGEN
5;34;Svenn;Fjeldheim;M;NOR;SOLBERGELVA;FE 1;M Senior;3:34.0;0:12.0;2016-06-19T10:07:10.5700000;Solbergelva
6;50;Espen;Johnsen;M;NOR;Bergen MTB Klubb;FE 1;M Senior;3:35.0;0:13.0;2016-06-19T10:35:06.3250000;Bergen
7;65;Lars;Sandviken;M;NOR;Drammen CK;FE 1;M Senior;3:40.0;0:18.0;2016-06-19T10:27:11.5400000;KONGSBERG
8;114;Nicklas;Fastegård;M;NOR;Oppdal SK;FE 1;M Senior;3:42.0;0:20.0;2016-06-19T10:34:43.4150000;Oppdal
8;26;Niklas;Wallner;M;SWE;SÅGMYRA;FE 1;M Senior;3:42.0;0:20.0;2016-06-19T10:26:44.4530000;Sågmyra
10;17;Jon;Bokrantz;M;SWE;GÖTEBORG;FE 1;M Senior;3:46.0;0:24.0;2016-06-19T10:07:48.1310000;Göteborg
10;148;Anton;Karlsson;M;SWE;Ulricehamn CK;FE 1;M Senior;3:46.0;0:24.0;2016-06-19T10:26:19.1190000;Timmele
12;106;Pål;Nakken;M;NOR;Molde CK;FE 1;M Senior;3:47.0;0:25.0;2016-06-19T10:36:48.3050000;Molde
13;91;Simon;Johansson;M;SWE;IK Hero;FE 1;M Senior;3:48.0;0:26.0;2016-06-19T10:14:19.9530000;Slependen
14;86;Ted;Johansen;M;NOR;IF Frøy;FE 1;M Senior;3:53.0;0:31.0;2016-06-19T10:08:24.8340000;OSLO
15;84;Erlend Hegrum;Askjer;M;NOR;Horten og Omegn's Cykleklubb;FE 1;M Senior;3:54.0;0:32.0;2016-06-19T10:09:56.1810000;Horten
16;53;Thorstein;Gallefoss;M;NOR;Bergen MTB Klubb;FE 1;M Senior;3:56.0;0:34.0;2016-06-19T10:04:56.4690000;BLOMSTERDALEN
17;74;Pål;Grotnes;M;NOR;Gresvik IF;FE 1;M Senior;3:57.0;0:35.0;2016-06-19T10:11:29.4360000;Fredrikstad
18;14;Joar;Solem;M;NOR;DRAMMEN;FE 1;M Senior;3:58.0;0:36.0;2016-06-19T10:12:30.1050000;Drammen
19;142;Johannes;LUND;M;NOR;Sogn CK;FE 1;M Senior;4:01.0;0:39.0;2016-06-19T10:28:32.7670000;Kaupanger
20;30;Manfred;Kronbrink;M;SWE;GÖTEBORG;FE 1;M Senior;4:02.0;0:40.0;2016-06-19T10:10:33.3440000;Göteborg
20;144;Tage Rickard;Sundell;M;SWE;Sogn CK;FE 1;M Senior;4:02.0;0:40.0;2016-06-19T10:12:04.2600000;LEIKANGER
22;115;John Ola;Buøy;M;NOR;Orkla CK;FE 1;M Senior;4:03.0;0:41.0;2016-06-19T10:37:34.7960000;Buvika
23;150;Bård Sturla;Stokke;M;NOR;Aron SK;FE 1;M Senior;4:04.0;0:42.0;2016-06-19T10:28:05.5520000;OSLO
24;100;Oscar Schiøtz;Smith;M;NOR;Kristiansands CK;FE 1;M Senior;4:06.0;0:44.0;2016-06-19T10:05:37.7130000;KRISTIANSAND S
25;107;Kenneth;Bjørseth;M;NOR;Molde CK;FE 1;M Senior;4:07.0;0:45.0;2016-06-19T10:38:08.9640000;Molde
26;70;Christoffer Engebretsen;Bakke;M;NOR;Drøbak-Frogn IL Sykkel;FE 1;M Senior;4:08.0;0:46.0;2016-06-19T10:09:40.5710000;VESTBY
26;41;Baard;Hellebostad;M;NOR;Aron Skiklubb;FE 1;M Senior;4:08.0;0:46.0;2016-06-19T10:11:08.4750000;Borgen
28;4;Øyvind;Hem;M;NOR;OPPDAL;FE 1;M Senior;4:11.0;0:49.0;2016-06-19T10:39:42.6480000;Oppdal
29;5;Philip Mark;Grimes;M;GBR;ENGER;FE 1;M Senior;4:12.0;0:50.0;2016-06-19T10:19:45.9380000;Enger
29;80;Magnus;Grönberg;M;NOR;Hemsedal IL Sykkel;FE 1;M Senior;4:12.0;0:50.0;2016-06-19T10:31:14.2410000;Hemsedal
29;12;Chris;Lazenby;M;GBR;ENGER;FE 1;M Senior;4:12.0;0:50.0;2016-06-19T10:20:17.2490000;Enger
32;76;Christian;Coll;M;NOR;Grimstad SK;FE 1;M Senior;4:13.0;0:51.0;2016-06-19T10:13:44.8110000;Arendal
32;51;Anders;Veland;M;NOR;Bergen MTB Klubb;FE 1;M Senior;4:13.0;0:51.0;2016-06-19T10:24:44.2100000;SOGNDAL
34;68;Thomas;Velde;M;NOR;Drøbak-Frogn IL Sykkel;FE 1;M Senior;4:14.0;0:52.0;2016-06-19T10:09:16.2750000;Drøbak
35;131;Kristian;Eckhoff;M;NOR;SK Rye sykkel;FE 1;M Senior;4:15.0;0:53.0;2016-06-19T11:02:17.2570000;Oslo
36;54;Arild;Gravdal;M;NOR;Bergen MTB Klubb;FE 1;M Senior;4:16.0;0:54.0;2016-06-19T10:45:18.8170000;Øvre Ervik
37;98;Sander;Solvær;M;NOR;Kristiansands CK;FE 1;M Senior;4:17.0;0:55.0;2016-06-19T10:06:49.6230000;KRISTIANSAND S
38;59;Kenneth;Lømo;M;NOR;CK Elverum;FE 1;M Senior;4:18.0;0:56.0;2016-06-19T10:41:19.6750000;Elverum
39;29;Sindre;Bunkholt;M;NOR;DRAMMEN;FE 1;M Senior;4:19.0;0:57.0;2016-06-19T10:21:20.8010000;DRAMMEN
40;81;Per Christian;Dahl;M;NOR;Hemsedal IL Sykkel;FE 1;M Senior;4:21.0;0:59.0;2016-06-19T10:30:22.6060000;HEMSEDAL
41;18;Niklas;Halvorsen;M;NOR;KRISTIANSAND S;FE 1;M Senior;4:22.0;1:00.0;2016-06-19T10:07:23.9630000;Kristiansand S
42;23;Espen;Kebely;M;NOR;NØTTERØY;FE 1;M Senior;4:23.0;1:01.0;2016-06-19T10:39:25.5260000;Nøtterøy
43;82;Jonas;Olsson;M;NOR;Hemsedal IL Sykkel;FE 1;M Senior;4:24.0;1:02.0;2016-06-19T10:30:56.0460000;HEMSEDAL
43;58;Andre;Skutle;M;NOR;Bergen MTB Klubb;FE 1;M Senior;4:24.0;1:02.0;2016-06-19T10:25:55.8660000;RÅDAL
45;96;Morgan;Bakken;M;NOR;Kragerø SK;FE 1;M Senior;4:27.0;1:05.0;2016-06-19T10:46:00.2510000;Kragerø
45;97;Ole André;Tveit;M;NOR;Kragerø SK;FE 1;M Senior;4:27.0;1:05.0;2016-06-19T10:47:29.1590000;Oslo
47;31;Ernst;Andersen;M;NOR;RAUFOSS;FE 1;M Senior;4:29.0;1:07.0;2016-06-19T10:48:01.0780000;RAUFOSS
47;138;Odd Magnus;Guldal;M;NOR;SK Rye sykkel;FE 1;M Senior;4:29.0;1:07.0;2016-06-19T10:35:01.3540000;Oslo
49;104;Magnus Kalstad;Forseth;M;NOR;Lillehammer CK;FE 1;M Senior;4:30.0;1:08.0;2016-06-19T10:13:32.3490000;LILLEHAMMER
49;2;Joakim;Karlsson;M;NOR;OSLO;FE 1;M Senior;4:30.0;1:08.0;2016-06-19T10:32:31.4530000;OSLO
49;122;Frank;Seidel;M;NOR;SK Rye sykkel;FE 1;M Senior;4:30.0;1:08.0;2016-06-19T10:46:33.1290000;Hvam
52;11;Alun William;Morley;M;GBR;ENGER;FE 1;M Senior;4:31.0;1:09.0;2016-06-19T10:21:02.7760000;Enger
53;112;Karl Marius;Brobak;M;NOR;Narvik CK;FE 1;M Senior;4:32.0;1:10.0;2016-06-19T10:39:04.0660000;TROMSØ
54;127;Michal;Goral;M;POL;SK Rye sykkel;FE 1;M Senior;4:33.0;1:11.0;2016-06-19T10:17:04.7940000;OSLO
54;61;Audun;Rogstadkjærnet;M;NOR;CK Elverum;FE 1;M Senior;4:33.0;1:11.0;2016-06-19T10:41:04.8910000;HERNES
54;103;Tom;Ruud;M;NOR;Lillehammer CK;FE 1;M Senior;4:33.0;1:11.0;2016-06-19T10:16:34.6560000;Lillehammer
57;63;Stian;Lunn;M;NOR;Dampsaga Idrettslag;FE 1;M Senior;4:34.0;1:12.0;2016-06-19T10:16:05.4420000;Lillehammer
58;101;Morten;Trædal;M;NOR;Kristiansands CK;FE 1;M Senior;4:35.0;1:13.0;2016-06-19T10:14:37.4070000;Kristiansand S
59;21;Stein Inge;Dahle;M;NOR;ÅL;FE 1;M Senior;4:37.0;1:15.0;2016-06-19T10:44:08.6570000;Ål
60;25;Michael;Elstob;M;GBR;ENGER;FE 1;M Senior;4:39.0;1:17.0;2016-06-19T10:19:42.5710000;Enger
60;62;Sindre;Lidsheim;M;NOR;CK Nittedal;FE 1;M Senior;4:39.0;1:17.0;2016-06-19T10:47:10.9760000;Nittedal
62;105;Knut;Haugen;M;NOR;Lørenskog CK;FE 1;M Senior;4:40.0;1:18.0;2016-06-19T10:34:11.8260000;RASTA
62;52;Mads;Øftshus;M;NOR;Bergen MTB Klubb;FE 1;M Senior;4:40.0;1:18.0;2016-06-19T10:25:41.4930000;BERGEN
64;149;Jack;Corby;M;GBR;;FE 1;M Senior;4:41.0;1:19.0;2016-06-19T10:23:42.9470000;
64;67;Aleksander;Ødegård;M;NOR;Drammen CK;FE 1;M Senior;4:41.0;1:19.0;2016-06-19T10:43:42.3730000;KONGSBERG
64;55;Leiv;Tvenning;M;NOR;Bergen MTB Klubb;FE 1;M Senior;4:41.0;1:19.0;2016-06-19T10:52:42.6750000;BERGEN
67;147;Georg;Breda;M;NOR;;FE 1;M Senior;4:44.0;1:22.0;2016-06-19T10:17:45.6570000;
68;32;Jon-Gunnar;Fredriksen;M;NOR;OSLO;FE 1;M Senior;4:45.0;1:23.0;2016-06-19T10:32:17.0750000;Oslo
68;102;Torjus;Winther;M;NOR;Krokskogen Cykleklubb;FE 1;M Senior;4:45.0;1:23.0;2016-06-19T10:50:16.4070000;Hønefoss
70;141;Stian;LIE;M;NOR;Sogn CK;FE 1;M Senior;4:46.0;1:24.0;2016-06-19T10:36:47.6450000;SOGNDAL
71;36;Geir;Jørgensen;M;NOR;OSLO;FE 1;M Senior;4:47.0;1:25.0;2016-06-19T10:49:49.0710000;OSLO
72;85;Andreas Strømsvåg;Francke;M;NOR;IF Frøy;FE 1;M Senior;4:48.0;1:26.0;2016-06-19T10:18:19.4710000;Oslo
73;89;Eivind;Bjerke;M;NOR;IK Hero;FE 1;M Senior;4:49.0;1:27.0;2016-06-19T10:23:20.5150000;OSLO
73;132;Frode Kristian Møller;Ditlefsen;M;NOR;SK Rye sykkel;FE 1;M Senior;4:49.0;1:27.0;2016-06-19T11:15:20.9510000;Oslo
73;7;Stian;Engebretsen;M;NOR;SKEDSMOKORSET;FE 1;M Senior;4:49.0;1:27.0;2016-06-19T10:34:50.4310000;SKEDSMOKORSET
76;137;Nicolas Yann;Couturier;M;FRA;SK Rye sykkel;FE 1;M Senior;4:52.0;1:30.0;2016-06-19T11:14:53.8430000;Oslo
77;130;Håvard;Arnstad;M;NOR;SK Rye sykkel;FE 1;M Senior;4:54.0;1:32.0;2016-06-19T10:33:55.3600000;Oslo
78;60;Knut Erik;Håberget;M;NOR;CK Elverum;FE 1;M Senior;4:55.0;1:33.0;2016-06-19T10:42:56.8360000;Elverum
79;10;Carl;Davidson;M;GBR;ENGER;FE 1;M Senior;5:02.0;1:40.0;2016-06-19T10:19:33.9340000;Enger
79;73;Hallvard;Futterer-Wannebo;M;NOR;Follo SK;FE 1;M Senior;5:02.0;1:40.0;2016-06-19T10:37:34.1700000;ÅS
81;64;Kristoffer;Andresen;M;NOR;Drammen CK;FE 1;M Senior;5:03.0;1:41.0;2016-06-19T10:22:35.3890000;Drammen
82;124;Øystein;Flatebø;M;NOR;SK Rye sykkel;FE 1;M Senior;5:07.0;1:45.0;2016-06-19T11:03:38.9610000;OSLO
83;71;Knut Espen;Bryhn;M;NOR;Drøbak-Frogn IL Sykkel;FE 1;M Senior;5:10.0;1:48.0;2016-06-19T10:45:11.6590000;DRØBAK
84;20;Thomas;Ramstad;M;NOR;NØTTERØY;FE 1;M Senior;5:28.0;2:06.0;2016-06-19T10:41:29.4560000;NØTTERØY
85;90;Lars Krogstad;Lien;M;NOR;IK Hero;FE 1;M Senior;5:30.0;2:08.0;2016-06-19T10:25:02.0920000;OSLO
86;113;David;Gabrielsen;M;NOR;Nesodden SK;FE 1;M Senior;5:31.0;2:09.0;2016-06-19T10:44:03.0830000;FAGERSTRAND
87;110;Fredrik;Arnesen;M;NOR;Moss CK;FE 1;M Senior;6:05.0;2:43.0;2016-06-19T10:46:36.3470000;Moss
88;47;Martin;Solheim;M;NOR;Benteler BIL;FE 1;M Senior;6:51.0;3:29.0;2016-06-19T10:44:23.0830000;GJØVIK
89;139;Stian;Storm;M;NOR;Snake Oil;FE 1;M Senior;7:12.0;3:50.0;2016-06-19T10:25:13.3200000;OSLO
90;94;Morten;Ligård;M;NOR;Kongsberg IF Sykkel;FE 1;M Senior;13:57.0;10:35.0;2016-06-19T10:15:58.7400000;Kongsberg
91;13;Håvard;Mageli;M;NOR;OSLO;FE 1;M Senior;14:32.0;11:10.0;2016-06-19T11:12:05.3360000;OSLO
92;19;Stein Kåre;Øfjord;M;NOR;NITTEDAL;FE 1;M Senior;21:47.0;18:25.0;2016-06-19T10:41:49.1590000;NITTEDAL
1;44;Stina;Bondehagen;F;NOR;Aron Skiklubb;FE 2;K Senior;12:45.0;0:00.0;2016-06-19T11:25:00.0980000;Oslo
2;48;Vera;Leivsdottir;F;NOR;Bergen MTB Klubb;FE 2;K Senior;12:52.0;0:07.0;2016-06-19T11:57:15.1390000;Bergen
3;66;Alice;Grindheim;F;NOR;Drammen CK;FE 2;K Senior;12:54.0;0:09.0;2016-06-19T12:16:20.9660000;Oslo
4;78;Helene Thon;Moland;F;NOR;Hemsedal IL Sykkel;FE 2;K Senior;13:03.0;0:18.0;2016-06-19T11:25:53.0910000;Hosle
5;16;Anette Røssum;Bastnes;F;NOR;OSLO;FE 2;K Senior;13:19.0;0:34.0;2016-06-19T12:13:54.1860000;Oslo
6;109;Elin;Berg;F;NOR;Molde CK;FE 2;K Senior;13:26.0;0:41.0;2016-06-19T11:59:09.5700000;Molde
7;135;Ida;Håkonsson;F;NOR;SK Rye sykkel;FE 2;K Senior;13:27.0;0:42.0;2016-06-19T12:05:11.3420000;Oslo
8;108;Anne;Melbo;F;NOR;Molde CK;FE 2;K Senior;13:49.0;1:04.0;2016-06-19T11:59:52.1010000;Molde
9;93;Julie;Appelkvist;F;NOR;IL Stjørdals-Blink;FE 2;K Senior;14:09.0;1:24.0;2016-06-19T11:34:04.7020000;TRONDHEIM
10;87;Marte;Lund;F;NOR;IF Frøy;FE 2;K Senior;14:20.0;1:35.0;2016-06-19T11:28:41.9430000;Oslo
11;125;Karen;Almås;F;NOR;SK Rye sykkel;FE 2;K Senior;15:37.0;2:52.0;2016-06-19T12:09:27.2490000;OSLO
12;49;Elinborg;Olafsdottir;F;ISL;Bergen MTB Klubb;FE 2;K Senior;16:21.0;3:36.0;2016-06-19T11:59:46.8560000;BERGEN
13;38;Beate;Akselsen;F;NOR;OSLO;FE 2;K Senior;17:33.0;4:48.0;2016-06-19T12:20:19.5800000;OSLO
14;46;Silje;Gjerde;F;NOR;Aron Skiklubb;FE 2;K Senior;17:41.0;4:56.0;2016-06-19T11:55:46.9130000;OSLO
15;88;Martine;Stenbro;F;NOR;IF Frøy;FE 2;K Senior;33:00.0;20:15.0;2016-06-19T12:28:25.9130000;Oslo
1;1;Robin;Wallner;M;SWE;JÄRPEN;FE 2;M Senior;9:28.0;0:00.0;2016-06-19T10:56:00.2360000;Järpen
2;129;Zakarias Blom;Johansen;M;NOR;SK Rye sykkel;FE 2;M Senior;9:30.0;0:02.0;2016-06-19T11:08:38.8280000;Kolsås
3;50;Espen;Johnsen;M;NOR;Bergen MTB Klubb;FE 2;M Senior;9:57.0;0:29.0;2016-06-19T11:18:53.6770000;Bergen
4;114;Nicklas;Fastegård;M;NOR;Oppdal SK;FE 2;M Senior;10:03.0;0:35.0;2016-06-19T11:18:21.9790000;Oppdal
5;57;Preben;Nøkleby;M;NOR;Bergen MTB Klubb;FE 2;M Senior;10:05.0;0:37.0;2016-06-19T11:09:33.0840000;BERGEN
6;34;Svenn;Fjeldheim;M;NOR;SOLBERGELVA;FE 2;M Senior;10:08.0;0:40.0;2016-06-19T10:55:03.4970000;Solbergelva
7;136;Thomas;Klingenberg;M;NOR;SK Rye sykkel;FE 2;M Senior;10:13.0;0:45.0;2016-06-19T11:05:14.3030000;Oslo
8;17;Jon;Bokrantz;M;SWE;GÖTEBORG;FE 2;M Senior;10:14.0;0:46.0;2016-06-19T10:55:28.7920000;Göteborg
9;26;Niklas;Wallner;M;SWE;SÅGMYRA;FE 2;M Senior;10:16.0;0:48.0;2016-06-19T11:12:06.1710000;Sågmyra
10;148;Anton;Karlsson;M;SWE;Ulricehamn CK;FE 2;M Senior;10:21.0;0:53.0;2016-06-19T11:11:35.7880000;Timmele
11;91;Simon;Johansson;M;SWE;IK Hero;FE 2;M Senior;10:28.0;1:00.0;2016-06-19T10:57:09.9850000;Slependen
11;65;Lars;Sandviken;M;NOR;Drammen CK;FE 2;M Senior;10:28.0;1:00.0;2016-06-19T11:18:18.8440000;KONGSBERG
13;84;Erlend Hegrum;Askjer;M;NOR;Horten og Omegn's Cykleklubb;FE 2;M Senior;10:43.0;1:15.0;2016-06-19T11:15:20.3710000;Horten
13;86;Ted;Johansen;M;NOR;IF Frøy;FE 2;M Senior;10:43.0;1:15.0;2016-06-19T11:03:50.1550000;OSLO
15;74;Pål;Grotnes;M;NOR;Gresvik IF;FE 2;M Senior;10:47.0;1:19.0;2016-06-19T11:06:21.0100000;Fredrikstad
16;106;Pål;Nakken;M;NOR;Molde CK;FE 2;M Senior;10:52.0;1:24.0;2016-06-19T11:34:36.5170000;Molde
17;14;Joar;Solem;M;NOR;DRAMMEN;FE 2;M Senior;10:54.0;1:26.0;2016-06-19T11:08:27.1390000;Drammen
18;53;Thorstein;Gallefoss;M;NOR;Bergen MTB Klubb;FE 2;M Senior;11:00.0;1:32.0;2016-06-19T11:10:35.1450000;BLOMSTERDALEN
19;30;Manfred;Kronbrink;M;SWE;GÖTEBORG;FE 2;M Senior;11:02.0;1:34.0;2016-06-19T10:54:31.1140000;Göteborg
20;150;Bård Sturla;Stokke;M;NOR;Aron SK;FE 2;M Senior;11:03.0;1:35.0;2016-06-19T11:17:59.8800000;OSLO
21;142;Johannes;LUND;M;NOR;Sogn CK;FE 2;M Senior;11:05.0;1:37.0;2016-06-19T11:20:05.8220000;Kaupanger
22;115;John Ola;Buøy;M;NOR;Orkla CK;FE 2;M Senior;11:12.0;1:44.0;2016-06-19T11:34:09.8170000;Buvika
23;144;Tage Rickard;Sundell;M;SWE;Sogn CK;FE 2;M Senior;11:14.0;1:46.0;2016-06-19T11:03:13.1120000;LEIKANGER
24;80;Magnus;Grönberg;M;NOR;Hemsedal IL Sykkel;FE 2;M Senior;11:23.0;1:55.0;2016-06-19T11:30:41.6630000;Hemsedal
24;68;Thomas;Velde;M;NOR;Drøbak-Frogn IL Sykkel;FE 2;M Senior;11:23.0;1:55.0;2016-06-19T11:14:40.1440000;Drøbak
26;41;Baard;Hellebostad;M;NOR;Aron Skiklubb;FE 2;M Senior;11:24.0;1:56.0;2016-06-19T11:06:17.0670000;Borgen
27;100;Oscar Schiøtz;Smith;M;NOR;Kristiansands CK;FE 2;M Senior;11:33.0;2:05.0;2016-06-19T11:04:58.1030000;KRISTIANSAND S
28;76;Christian;Coll;M;NOR;Grimstad SK;FE 2;M Senior;11:38.0;2:10.0;2016-06-19T11:11:26.2850000;Arendal
28;51;Anders;Veland;M;NOR;Bergen MTB Klubb;FE 2;M Senior;11:38.0;2:10.0;2016-06-19T11:33:55.7880000;SOGNDAL
30;107;Kenneth;Bjørseth;M;NOR;Molde CK;FE 2;M Senior;11:45.0;2:17.0;2016-06-19T11:36:09.0730000;Molde
31;82;Jonas;Olsson;M;NOR;Hemsedal IL Sykkel;FE 2;M Senior;11:48.0;2:20.0;2016-06-19T11:31:25.6130000;HEMSEDAL
32;98;Sander;Solvær;M;NOR;Kristiansands CK;FE 2;M Senior;11:52.0;2:24.0;2016-06-19T11:02:35.8360000;KRISTIANSAND S
33;4;Øyvind;Hem;M;NOR;OPPDAL;FE 2;M Senior;11:53.0;2:25.0;2016-06-19T11:40:42.7770000;Oppdal
34;81;Per Christian;Dahl;M;NOR;Hemsedal IL Sykkel;FE 2;M Senior;11:54.0;2:26.0;2016-06-19T11:32:04.6740000;HEMSEDAL
34;59;Kenneth;Lømo;M;NOR;CK Elverum;FE 2;M Senior;11:54.0;2:26.0;2016-06-19T11:42:06.7800000;Elverum
36;70;Christoffer Engebretsen;Bakke;M;NOR;Drøbak-Frogn IL Sykkel;FE 2;M Senior;11:57.0;2:29.0;2016-06-19T11:15:50.0000000;VESTBY
37;54;Arild;Gravdal;M;NOR;Bergen MTB Klubb;FE 2;M Senior;12:00.0;2:32.0;2016-06-19T11:39:15.5750000;Øvre Ervik
38;12;Chris;Lazenby;M;GBR;ENGER;FE 2;M Senior;12:01.0;2:33.0;2016-06-19T11:16:50.4630000;Enger
39;104;Magnus Kalstad;Forseth;M;NOR;Lillehammer CK;FE 2;M Senior;12:03.0;2:35.0;2016-06-19T11:03:04.2170000;LILLEHAMMER
40;23;Espen;Kebely;M;NOR;NØTTERØY;FE 2;M Senior;12:04.0;2:36.0;2016-06-19T11:41:12.1740000;Nøtterøy
41;2;Joakim;Karlsson;M;NOR;OSLO;FE 2;M Senior;12:06.0;2:38.0;2016-06-19T11:23:06.3980000;OSLO
42;112;Karl Marius;Brobak;M;NOR;Narvik CK;FE 2;M Senior;12:07.0;2:39.0;2016-06-19T11:36:36.4330000;TROMSØ
43;131;Kristian;Eckhoff;M;NOR;SK Rye sykkel;FE 2;M Senior;12:11.0;2:43.0;2016-06-19T11:53:58.2500000;Oslo
44;29;Sindre;Bunkholt;M;NOR;DRAMMEN;FE 2;M Senior;12:12.0;2:44.0;2016-06-19T11:21:24.1790000;DRAMMEN
45;96;Morgan;Bakken;M;NOR;Kragerø SK;FE 2;M Senior;12:14.0;2:46.0;2016-06-19T11:38:48.0740000;Kragerø
46;11;Alun William;Morley;M;GBR;ENGER;FE 2;M Senior;12:16.0;2:48.0;2016-06-19T11:14:46.5680000;Enger
47;127;Michal;Goral;M;POL;SK Rye sykkel;FE 2;M Senior;12:17.0;2:49.0;2016-06-19T11:17:44.9180000;OSLO
48;138;Odd Magnus;Guldal;M;NOR;SK Rye sykkel;FE 2;M Senior;12:25.0;2:57.0;2016-06-19T11:28:57.4270000;Oslo
48;97;Ole André;Tveit;M;NOR;Kragerø SK;FE 2;M Senior;12:25.0;2:57.0;2016-06-19T11:39:58.4960000;Oslo
50;101;Morten;Trædal;M;NOR;Kristiansands CK;FE 2;M Senior;12:26.0;2:58.0;2016-06-19T11:12:21.4710000;Kristiansand S
51;32;Jon-Gunnar;Fredriksen;M;NOR;OSLO;FE 2;M Senior;12:28.0;3:00.0;2016-06-19T11:22:13.8020000;Oslo
52;18;Niklas;Halvorsen;M;NOR;KRISTIANSAND S;FE 2;M Senior;12:30.0;3:02.0;2016-06-19T11:02:39.0620000;Kristiansand S
52;67;Aleksander;Ødegård;M;NOR;Drammen CK;FE 2;M Senior;12:30.0;3:02.0;2016-06-19T11:40:20.6590000;KONGSBERG
52;122;Frank;Seidel;M;NOR;SK Rye sykkel;FE 2;M Senior;12:30.0;3:02.0;2016-06-19T11:38:30.9160000;Hvam
55;103;Tom;Ruud;M;NOR;Lillehammer CK;FE 2;M Senior;12:33.0;3:05.0;2016-06-19T11:08:00.8890000;Lillehammer
56;58;Andre;Skutle;M;NOR;Bergen MTB Klubb;FE 2;M Senior;12:40.0;3:12.0;2016-06-19T11:37:46.9450000;RÅDAL
57;105;Knut;Haugen;M;NOR;Lørenskog CK;FE 2;M Senior;12:42.0;3:14.0;2016-06-19T11:27:02.4890000;RASTA
58;85;Andreas Strømsvåg;Francke;M;NOR;IF Frøy;FE 2;M Senior;12:47.0;3:19.0;2016-06-19T11:26:29.2690000;Oslo
59;62;Sindre;Lidsheim;M;NOR;CK Nittedal;FE 2;M Senior;12:50.0;3:22.0;2016-06-19T12:00:12.4230000;Nittedal
60;31;Ernst;Andersen;M;NOR;RAUFOSS;FE 2;M Senior;12:51.0;3:23.0;2016-06-19T11:52:23.0940000;RAUFOSS
61;21;Stein Inge;Dahle;M;NOR;ÅL;FE 2;M Senior;12:54.0;3:26.0;2016-06-19T11:43:47.9800000;Ål
62;89;Eivind;Bjerke;M;NOR;IK Hero;FE 2;M Senior;12:55.0;3:27.0;2016-06-19T11:30:07.3020000;OSLO
62;55;Leiv;Tvenning;M;NOR;Bergen MTB Klubb;FE 2;M Senior;12:55.0;3:27.0;2016-06-19T11:56:44.9220000;BERGEN
64;61;Audun;Rogstadkjærnet;M;NOR;CK Elverum;FE 2;M Senior;12:58.0;3:30.0;2016-06-19T11:42:26.3090000;HERNES
65;64;Kristoffer;Andresen;M;NOR;Drammen CK;FE 2;M Senior;12:59.0;3:31.0;2016-06-19T11:21:56.6920000;Drammen
66;63;Stian;Lunn;M;NOR;Dampsaga Idrettslag;FE 2;M Senior;13:00.0;3:32.0;2016-06-19T11:08:57.2530000;Lillehammer
67;137;Nicolas Yann;Couturier;M;FRA;SK Rye sykkel;FE 2;M Senior;13:01.0;3:33.0;2016-06-19T12:16:40.0240000;Oslo
68;52;Mads;Øftshus;M;NOR;Bergen MTB Klubb;FE 2;M Senior;13:07.0;3:39.0;2016-06-19T11:36:28.6270000;BERGEN
69;141;Stian;LIE;M;NOR;Sogn CK;FE 2;M Senior;13:10.0;3:42.0;2016-06-19T11:28:55.7080000;SOGNDAL
70;5;Philip Mark;Grimes;M;GBR;ENGER;FE 2;M Senior;13:21.0;3:53.0;2016-06-19T11:18:39.8880000;Enger
71;124;Øystein;Flatebø;M;NOR;SK Rye sykkel;FE 2;M Senior;13:24.0;3:56.0;2016-06-19T12:09:17.8350000;OSLO
72;147;Georg;Breda;M;NOR;;FE 2;M Senior;13:28.0;4:00.0;2016-06-19T11:19:14.7420000;
73;60;Knut Erik;Håberget;M;NOR;CK Elverum;FE 2;M Senior;13:29.0;4:01.0;2016-06-19T11:44:35.2070000;Elverum
74;36;Geir;Jørgensen;M;NOR;OSLO;FE 2;M Senior;13:31.0;4:03.0;2016-06-19T11:53:15.2140000;OSLO
75;73;Hallvard;Futterer-Wannebo;M;NOR;Follo SK;FE 2;M Senior;13:32.0;4:04.0;2016-06-19T11:46:01.5690000;ÅS
76;102;Torjus;Winther;M;NOR;Krokskogen Cykleklubb;FE 2;M Senior;13:35.0;4:07.0;2016-06-19T11:52:21.3540000;Hønefoss
77;7;Stian;Engebretsen;M;NOR;SKEDSMOKORSET;FE 2;M Senior;13:38.0;4:10.0;2016-06-19T11:28:53.7540000;SKEDSMOKORSET
78;25;Michael;Elstob;M;GBR;ENGER;FE 2;M Senior;13:40.0;4:12.0;2016-06-19T11:15:32.0570000;Enger
79;130;Håvard;Arnstad;M;NOR;SK Rye sykkel;FE 2;M Senior;13:44.0;4:16.0;2016-06-19T11:45:50.7970000;Oslo
80;132;Frode Kristian Møller;Ditlefsen;M;NOR;SK Rye sykkel;FE 2;M Senior;13:49.0;4:21.0;2016-06-19T12:18:01.0860000;Oslo
81;149;Jack;Corby;M;GBR;;FE 2;M Senior;13:51.0;4:23.0;2016-06-19T11:32:10.9830000;
82;71;Knut Espen;Bryhn;M;NOR;Drøbak-Frogn IL Sykkel;FE 2;M Senior;14:02.0;4:34.0;2016-06-19T12:03:52.9230000;DRØBAK
83;90;Lars Krogstad;Lien;M;NOR;IK Hero;FE 2;M Senior;14:49.0;5:21.0;2016-06-19T11:30:50.4980000;OSLO
84;20;Thomas;Ramstad;M;NOR;NØTTERØY;FE 2;M Senior;14:51.0;5:23.0;2016-06-19T11:44:23.9830000;NØTTERØY
85;10;Carl;Davidson;M;GBR;ENGER;FE 2;M Senior;14:54.0;5:26.0;2016-06-19T11:15:52.6540000;Enger
86;110;Fredrik;Arnesen;M;NOR;Moss CK;FE 2;M Senior;14:58.0;5:30.0;2016-06-19T12:03:23.9470000;Moss
86;113;David;Gabrielsen;M;NOR;Nesodden SK;FE 2;M Senior;14:58.0;5:30.0;2016-06-19T11:45:57.6500000;FAGERSTRAND
88;139;Stian;Storm;M;NOR;Snake Oil;FE 2;M Senior;16:18.0;6:50.0;2016-06-19T11:31:37.8190000;OSLO
89;47;Martin;Solheim;M;NOR;Benteler BIL;FE 2;M Senior;17:18.0;7:50.0;2016-06-19T11:48:28.0240000;GJØVIK
90;94;Morten;Ligård;M;NOR;Kongsberg IF Sykkel;FE 2;M Senior;22:42.0;13:14.0;2016-06-19T11:10:45.3890000;Kongsberg
91;13;Håvard;Mageli;M;NOR;OSLO;FE 2;M Senior;29:02.0;19:34.0;2016-06-19T12:19:30.8720000;OSLO
92;19;Stein Kåre;Øfjord;M;NOR;NITTEDAL;FE 2;M Senior;0:00.0;;;NITTEDAL
1;48;Vera;Leivsdottir;F;NOR;Bergen MTB Klubb;FE 3;K Senior;19:07.0;0:00.0;2016-06-19T13:03:15.9050000;Bergen
2;44;Stina;Bondehagen;F;NOR;Aron Skiklubb;FE 3;K Senior;19:14.0;0:07.0;2016-06-19T12:42:59.4250000;Oslo
3;66;Alice;Grindheim;F;NOR;Drammen CK;FE 3;K Senior;19:26.0;0:19.0;2016-06-19T13:14:03.0680000;Oslo
4;16;Anette Røssum;Bastnes;F;NOR;OSLO;FE 3;K Senior;19:39.0;0:32.0;2016-06-19T13:14:21.1550000;Oslo
5;78;Helene Thon;Moland;F;NOR;Hemsedal IL Sykkel;FE 3;K Senior;19:42.0;0:35.0;2016-06-19T12:45:39.3400000;Hosle
6;135;Ida;Håkonsson;F;NOR;SK Rye sykkel;FE 3;K Senior;19:50.0;0:43.0;2016-06-19T13:00:54.3340000;Oslo
7;109;Elin;Berg;F;NOR;Molde CK;FE 3;K Senior;20:17.0;1:10.0;2016-06-19T13:18:52.6090000;Molde
8;87;Marte;Lund;F;NOR;IF Frøy;FE 3;K Senior;21:14.0;2:07.0;2016-06-19T12:46:54.4530000;Oslo
9;93;Julie;Appelkvist;F;NOR;IL Stjørdals-Blink;FE 3;K Senior;21:20.0;2:13.0;2016-06-19T12:34:42.0200000;TRONDHEIM
10;108;Anne;Melbo;F;NOR;Molde CK;FE 3;K Senior;21:21.0;2:14.0;2016-06-19T13:20:03.6170000;Molde
11;125;Karen;Almås;F;NOR;SK Rye sykkel;FE 3;K Senior;23:15.0;4:08.0;2016-06-19T13:18:38.9410000;OSLO
12;49;Elinborg;Olafsdottir;F;ISL;Bergen MTB Klubb;FE 3;K Senior;24:35.0;5:28.0;2016-06-19T13:05:45.0910000;BERGEN
13;46;Silje;Gjerde;F;NOR;Aron Skiklubb;FE 3;K Senior;26:23.0;7:16.0;2016-06-19T13:00:13.1530000;OSLO
14;38;Beate;Akselsen;F;NOR;OSLO;FE 3;K Senior;26:47.0;7:40.0;2016-06-19T13:22:44.4130000;OSLO
15;88;Martine;Stenbro;F;NOR;IF Frøy;FE 3;K Senior;40:19.0;21:12.0;2016-06-19T13:20:20.3500000;Oslo
1;129;Zakarias Blom;Johansen;M;NOR;SK Rye sykkel;FE 3;M Senior;14:11.0;0:00.0;2016-06-19T11:56:42.0520000;Kolsås
2;1;Robin;Wallner;M;SWE;JÄRPEN;FE 3;M Senior;14:30.0;0:19.0;2016-06-19T11:45:33.0200000;Järpen
3;50;Espen;Johnsen;M;NOR;Bergen MTB Klubb;FE 3;M Senior;14:52.0;0:41.0;2016-06-19T12:11:55.9260000;Bergen
4;114;Nicklas;Fastegård;M;NOR;Oppdal SK;FE 3;M Senior;15:08.0;0:57.0;2016-06-19T12:36:06.5470000;Oppdal
5;17;Jon;Bokrantz;M;SWE;GÖTEBORG;FE 3;M Senior;15:12.0;1:01.0;2016-06-19T11:47:59.0000000;Göteborg
6;57;Preben;Nøkleby;M;NOR;Bergen MTB Klubb;FE 3;M Senior;15:13.0;1:02.0;2016-06-19T12:28:08.6330000;BERGEN
7;34;Svenn;Fjeldheim;M;NOR;SOLBERGELVA;FE 3;M Senior;15:14.0;1:03.0;2016-06-19T11:54:06.4090000;Solbergelva
8;136;Thomas;Klingenberg;M;NOR;SK Rye sykkel;FE 3;M Senior;15:21.0;1:10.0;2016-06-19T12:05:38.1660000;Oslo
9;65;Lars;Sandviken;M;NOR;Drammen CK;FE 3;M Senior;15:22.0;1:11.0;2016-06-19T12:11:24.9360000;KONGSBERG
10;26;Niklas;Wallner;M;SWE;SÅGMYRA;FE 3;M Senior;15:25.0;1:14.0;2016-06-19T11:57:39.7200000;Sågmyra
11;91;Simon;Johansson;M;SWE;IK Hero;FE 3;M Senior;15:31.0;1:20.0;2016-06-19T11:49:04.0000000;Slependen
12;148;Anton;Karlsson;M;SWE;Ulricehamn CK;FE 3;M Senior;15:38.0;1:27.0;2016-06-19T12:02:17.6340000;Timmele
13;14;Joar;Solem;M;NOR;DRAMMEN;FE 3;M Senior;15:48.0;1:37.0;2016-06-19T12:07:24.2520000;Drammen
14;86;Ted;Johansen;M;NOR;IF Frøy;FE 3;M Senior;15:54.0;1:43.0;2016-06-19T12:06:11.8410000;OSLO
15;84;Erlend Hegrum;Askjer;M;NOR;Horten og Omegn's Cykleklubb;FE 3;M Senior;16:00.0;1:49.0;2016-06-19T12:43:17.1420000;Horten
16;106;Pål;Nakken;M;NOR;Molde CK;FE 3;M Senior;16:03.0;1:52.0;2016-06-19T12:36:41.8870000;Molde
17;30;Manfred;Kronbrink;M;SWE;GÖTEBORG;FE 3;M Senior;16:11.0;2:00.0;2016-06-19T11:44:09.5210000;Göteborg
18;74;Pål;Grotnes;M;NOR;Gresvik IF;FE 3;M Senior;16:12.0;2:01.0;2016-06-19T12:06:55.2870000;Fredrikstad
19;53;Thorstein;Gallefoss;M;NOR;Bergen MTB Klubb;FE 3;M Senior;16:20.0;2:09.0;2016-06-19T12:28:50.8460000;BLOMSTERDALEN
20;150;Bård Sturla;Stokke;M;NOR;Aron SK;FE 3;M Senior;16:23.0;2:12.0;2016-06-19T12:12:51.1630000;OSLO
21;142;Johannes;LUND;M;NOR;Sogn CK;FE 3;M Senior;16:29.0;2:18.0;2016-06-19T12:13:24.5810000;Kaupanger
22;144;Tage Rickard;Sundell;M;SWE;Sogn CK;FE 3;M Senior;16:37.0;2:26.0;2016-06-19T12:13:54.1710000;LEIKANGER
23;115;John Ola;Buøy;M;NOR;Orkla CK;FE 3;M Senior;16:38.0;2:27.0;2016-06-19T12:37:27.2150000;Buvika
24;41;Baard;Hellebostad;M;NOR;Aron Skiklubb;FE 3;M Senior;16:46.0;2:35.0;2016-06-19T12:07:22.2890000;Borgen
25;100;Oscar Schiøtz;Smith;M;NOR;Kristiansands CK;FE 3;M Senior;17:03.0;2:52.0;2016-06-19T12:10:30.0620000;KRISTIANSAND S
26;80;Magnus;Grönberg;M;NOR;Hemsedal IL Sykkel;FE 3;M Senior;17:07.0;2:56.0;2016-06-19T12:39:44.6880000;Hemsedal
27;76;Christian;Coll;M;NOR;Grimstad SK;FE 3;M Senior;17:16.0;3:05.0;2016-06-19T12:18:08.7790000;Arendal
28;51;Anders;Veland;M;NOR;Bergen MTB Klubb;FE 3;M Senior;17:27.0;3:16.0;2016-06-19T12:49:50.2460000;SOGNDAL
29;68;Thomas;Velde;M;NOR;Drøbak-Frogn IL Sykkel;FE 3;M Senior;17:29.0;3:18.0;2016-06-19T12:41:06.8420000;Drøbak
30;107;Kenneth;Bjørseth;M;NOR;Molde CK;FE 3;M Senior;17:32.0;3:21.0;2016-06-19T12:38:47.4850000;Molde
30;82;Jonas;Olsson;M;NOR;Hemsedal IL Sykkel;FE 3;M Senior;17:32.0;3:21.0;2016-06-19T12:44:14.6080000;HEMSEDAL
32;12;Chris;Lazenby;M;GBR;ENGER;FE 3;M Senior;17:39.0;3:28.0;2016-06-19T12:27:09.2340000;Enger
33;59;Kenneth;Lømo;M;NOR;CK Elverum;FE 3;M Senior;17:41.0;3:30.0;2016-06-19T12:46:17.9090000;Elverum
34;4;Øyvind;Hem;M;NOR;OPPDAL;FE 3;M Senior;17:49.0;3:38.0;2016-06-19T12:55:26.5830000;Oppdal
35;70;Christoffer Engebretsen;Bakke;M;NOR;Drøbak-Frogn IL Sykkel;FE 3;M Senior;17:50.0;3:39.0;2016-06-19T12:40:23.5280000;VESTBY
35;54;Arild;Gravdal;M;NOR;Bergen MTB Klubb;FE 3;M Senior;17:50.0;3:39.0;2016-06-19T12:49:20.3240000;Øvre Ervik
37;98;Sander;Solvær;M;NOR;Kristiansands CK;FE 3;M Senior;17:53.0;3:42.0;2016-06-19T12:11:31.2310000;KRISTIANSAND S
38;81;Per Christian;Dahl;M;NOR;Hemsedal IL Sykkel;FE 3;M Senior;17:56.0;3:45.0;2016-06-19T12:39:33.4190000;HEMSEDAL
39;29;Sindre;Bunkholt;M;NOR;DRAMMEN;FE 3;M Senior;17:57.0;3:46.0;2016-06-19T12:35:15.0810000;DRAMMEN
40;2;Joakim;Karlsson;M;NOR;OSLO;FE 3;M Senior;17:59.0;3:48.0;2016-06-19T12:16:23.4690000;OSLO
40;11;Alun William;Morley;M;GBR;ENGER;FE 3;M Senior;17:59.0;3:48.0;2016-06-19T12:25:43.4150000;Enger
42;23;Espen;Kebely;M;NOR;NØTTERØY;FE 3;M Senior;18:01.0;3:50.0;2016-06-19T12:54:57.1180000;Nøtterøy
43;104;Magnus Kalstad;Forseth;M;NOR;Lillehammer CK;FE 3;M Senior;18:05.0;3:54.0;2016-06-19T12:01:32.2780000;LILLEHAMMER
44;112;Karl Marius;Brobak;M;NOR;Narvik CK;FE 3;M Senior;18:12.0;4:01.0;2016-06-19T12:32:35.6160000;TROMSØ
44;131;Kristian;Eckhoff;M;NOR;SK Rye sykkel;FE 3;M Senior;18:12.0;4:01.0;2016-06-19T12:57:01.3650000;Oslo
46;96;Morgan;Bakken;M;NOR;Kragerø SK;FE 3;M Senior;18:16.0;4:05.0;2016-06-19T12:41:33.0980000;Kragerø
47;18;Niklas;Halvorsen;M;NOR;KRISTIANSAND S;FE 3;M Senior;18:22.0;4:11.0;2016-06-19T12:08:52.3840000;Kristiansand S
48;127;Michal;Goral;M;POL;SK Rye sykkel;FE 3;M Senior;18:23.0;4:12.0;2016-06-19T12:30:36.5830000;OSLO
49;122;Frank;Seidel;M;NOR;SK Rye sykkel;FE 3;M Senior;18:27.0;4:16.0;2016-06-19T12:38:27.5750000;Hvam
49;97;Ole André;Tveit;M;NOR;Kragerø SK;FE 3;M Senior;18:27.0;4:16.0;2016-06-19T12:42:02.3060000;Oslo
51;67;Aleksander;Ødegård;M;NOR;Drammen CK;FE 3;M Senior;18:31.0;4:20.0;2016-06-19T12:43:31.3470000;KONGSBERG
51;101;Morten;Trædal;M;NOR;Kristiansands CK;FE 3;M Senior;18:31.0;4:20.0;2016-06-19T12:20:05.2580000;Kristiansand S
53;32;Jon-Gunnar;Fredriksen;M;NOR;OSLO;FE 3;M Senior;18:32.0;4:21.0;2016-06-19T12:17:05.0110000;Oslo
54;138;Odd Magnus;Guldal;M;NOR;SK Rye sykkel;FE 3;M Senior;18:49.0;4:38.0;2016-06-19T12:53:54.5660000;Oslo
54;105;Knut;Haugen;M;NOR;Lørenskog CK;FE 3;M Senior;18:49.0;4:38.0;2016-06-19T12:24:07.9860000;RASTA
56;103;Tom;Ruud;M;NOR;Lillehammer CK;FE 3;M Senior;19:02.0;4:51.0;2016-06-19T12:04:29.2080000;Lillehammer
56;55;Leiv;Tvenning;M;NOR;Bergen MTB Klubb;FE 3;M Senior;19:02.0;4:51.0;2016-06-19T13:04:38.0230000;BERGEN
58;58;Andre;Skutle;M;NOR;Bergen MTB Klubb;FE 3;M Senior;19:06.0;4:55.0;2016-06-19T12:50:56.8430000;RÅDAL
59;64;Kristoffer;Andresen;M;NOR;Drammen CK;FE 3;M Senior;19:12.0;5:01.0;2016-06-19T12:36:13.6810000;Drammen
59;89;Eivind;Bjerke;M;NOR;IK Hero;FE 3;M Senior;19:12.0;5:01.0;2016-06-19T12:51:18.0400000;OSLO
59;85;Andreas Strømsvåg;Francke;M;NOR;IF Frøy;FE 3;M Senior;19:12.0;5:01.0;2016-06-19T12:45:55.5080000;Oslo
62;63;Stian;Lunn;M;NOR;Dampsaga Idrettslag;FE 3;M Senior;19:13.0;5:02.0;2016-06-19T12:05:43.8690000;Lillehammer
63;62;Sindre;Lidsheim;M;NOR;CK Nittedal;FE 3;M Senior;19:19.0;5:08.0;2016-06-19T13:05:29.4110000;Nittedal
64;5;Philip Mark;Grimes;M;GBR;ENGER;FE 3;M Senior;19:21.0;5:10.0;2016-06-19T12:28:00.5000000;Enger
65;31;Ernst;Andersen;M;NOR;RAUFOSS;FE 3;M Senior;19:23.0;5:12.0;2016-06-19T13:02:32.7580000;RAUFOSS
66;21;Stein Inge;Dahle;M;NOR;ÅL;FE 3;M Senior;19:25.0;5:14.0;2016-06-19T12:52:01.4880000;Ål
67;137;Nicolas Yann;Couturier;M;FRA;SK Rye sykkel;FE 3;M Senior;19:27.0;5:16.0;2016-06-19T13:15:26.8340000;Oslo
68;52;Mads;Øftshus;M;NOR;Bergen MTB Klubb;FE 3;M Senior;19:39.0;5:28.0;2016-06-19T12:49:32.9120000;BERGEN
69;61;Audun;Rogstadkjærnet;M;NOR;CK Elverum;FE 3;M Senior;19:40.0;5:29.0;2016-06-19T12:47:42.2540000;HERNES
70;141;Stian;LIE;M;NOR;Sogn CK;FE 3;M Senior;19:41.0;5:30.0;2016-06-19T12:18:31.3920000;SOGNDAL
71;73;Hallvard;Futterer-Wannebo;M;NOR;Follo SK;FE 3;M Senior;19:47.0;5:36.0;2016-06-19T12:58:46.1400000;ÅS
72;124;Øystein;Flatebø;M;NOR;SK Rye sykkel;FE 3;M Senior;19:53.0;5:42.0;2016-06-19T13:16:00.3270000;OSLO
73;25;Michael;Elstob;M;GBR;ENGER;FE 3;M Senior;19:58.0;5:47.0;2016-06-19T12:27:17.6460000;Enger
74;36;Geir;Jørgensen;M;NOR;OSLO;FE 3;M Senior;20:11.0;6:00.0;2016-06-19T12:57:10.9050000;OSLO
75;7;Stian;Engebretsen;M;NOR;SKEDSMOKORSET;FE 3;M Senior;20:12.0;6:01.0;2016-06-19T12:43:34.2040000;SKEDSMOKORSET
76;147;Georg;Breda;M;NOR;;FE 3;M Senior;20:16.0;6:05.0;2016-06-19T12:31:48.4110000;
76;60;Knut Erik;Håberget;M;NOR;CK Elverum;FE 3;M Senior;20:16.0;6:05.0;2016-06-19T12:48:17.0300000;Elverum
78;149;Jack;Corby;M;GBR;;FE 3;M Senior;20:20.0;6:09.0;2016-06-19T12:53:00.2550000;
78;132;Frode Kristian Møller;Ditlefsen;M;NOR;SK Rye sykkel;FE 3;M Senior;20:20.0;6:09.0;2016-06-19T13:16:32.3860000;Oslo
80;102;Torjus;Winther;M;NOR;Krokskogen Cykleklubb;FE 3;M Senior;20:26.0;6:15.0;2016-06-19T12:56:52.0130000;Hønefoss
81;130;Håvard;Arnstad;M;NOR;SK Rye sykkel;FE 3;M Senior;20:43.0;6:32.0;2016-06-19T13:01:59.4360000;Oslo
82;10;Carl;Davidson;M;GBR;ENGER;FE 3;M Senior;21:40.0;7:29.0;2016-06-19T12:27:16.9000000;Enger
83;90;Lars Krogstad;Lien;M;NOR;IK Hero;FE 3;M Senior;21:42.0;7:31.0;2016-06-19T12:52:53.5670000;OSLO
84;71;Knut Espen;Bryhn;M;NOR;Drøbak-Frogn IL Sykkel;FE 3;M Senior;21:49.0;7:38.0;2016-06-19T13:07:47.7950000;DRØBAK
85;20;Thomas;Ramstad;M;NOR;NØTTERØY;FE 3;M Senior;21:52.0;7:41.0;2016-06-19T12:55:01.9740000;NØTTERØY
86;110;Fredrik;Arnesen;M;NOR;Moss CK;FE 3;M Senior;22:20.0;8:09.0;2016-06-19T13:06:52.2100000;Moss
87;113;David;Gabrielsen;M;NOR;Nesodden SK;FE 3;M Senior;23:22.0;9:11.0;2016-06-19T12:50:24.5620000;FAGERSTRAND
88;139;Stian;Storm;M;NOR;Snake Oil;FE 3;M Senior;23:25.0;9:14.0;2016-06-19T12:54:07.6260000;OSLO
89;47;Martin;Solheim;M;NOR;Benteler BIL;FE 3;M Senior;25:48.0;11:37.0;2016-06-19T12:51:00.9300000;GJØVIK
90;94;Morten;Ligård;M;NOR;Kongsberg IF Sykkel;FE 3;M Senior;30:24.0;16:13.0;2016-06-19T12:20:42.4300000;Kongsberg
91;13;Håvard;Mageli;M;NOR;OSLO;FE 3;M Senior;35:07.0;20:56.0;2016-06-19T13:16:36.2180000;OSLO
92;19;Stein Kåre;Øfjord;M;NOR;NITTEDAL;FE 3;M Senior;0:00.0;;;NITTEDAL
1;44;Stina;Bondehagen;F;NOR;Aron Skiklubb;FE 4;K Senior;28:00.0;0:00.0;2016-06-19T14:38:47.3130000;Oslo
2;48;Vera;Leivsdottir;F;NOR;Bergen MTB Klubb;FE 4;K Senior;28:16.0;0:16.0;2016-06-19T14:38:10.8210000;Bergen
3;66;Alice;Grindheim;F;NOR;Drammen CK;FE 4;K Senior;28:22.0;0:22.0;2016-06-19T14:57:27.7470000;Oslo
4;16;Anette Røssum;Bastnes;F;NOR;OSLO;FE 4;K Senior;28:40.0;0:40.0;2016-06-19T14:53:02.5640000;Oslo
5;135;Ida;Håkonsson;F;NOR;SK Rye sykkel;FE 4;K Senior;28:46.0;0:46.0;2016-06-19T14:50:57.5140000;Oslo
6;78;Helene Thon;Moland;F;NOR;Hemsedal IL Sykkel;FE 4;K Senior;28:52.0;0:52.0;2016-06-19T14:38:41.6390000;Hosle
7;109;Elin;Berg;F;NOR;Molde CK;FE 4;K Senior;29:54.0;1:54.0;2016-06-19T15:00:08.7480000;Molde
8;108;Anne;Melbo;F;NOR;Molde CK;FE 4;K Senior;30:39.0;2:39.0;2016-06-19T15:00:19.7300000;Molde
9;93;Julie;Appelkvist;F;NOR;IL Stjørdals-Blink;FE 4;K Senior;31:20.0;3:20.0;2016-06-19T14:27:01.8980000;TRONDHEIM
10;87;Marte;Lund;F;NOR;IF Frøy;FE 4;K Senior;32:09.0;4:09.0;2016-06-19T14:22:26.5890000;Oslo
11;125;Karen;Almås;F;NOR;SK Rye sykkel;FE 4;K Senior;35:42.0;7:42.0;2016-06-19T15:20:28.4410000;OSLO
12;49;Elinborg;Olafsdottir;F;ISL;Bergen MTB Klubb;FE 4;K Senior;36:19.0;8:19.0;2016-06-19T14:44:46.0490000;BERGEN
13;46;Silje;Gjerde;F;NOR;Aron Skiklubb;FE 4;K Senior;38:54.0;10:54.0;2016-06-19T14:32:32.5840000;OSLO
14;38;Beate;Akselsen;F;NOR;OSLO;FE 4;K Senior;40:36.0;12:36.0;2016-06-19T15:05:50.9250000;OSLO
15;88;Martine;Stenbro;F;NOR;IF Frøy;FE 4;K Senior;49:55.0;21:55.0;2016-06-19T15:01:07.8190000;Oslo
1;129;Zakarias Blom;Johansen;M;NOR;SK Rye sykkel;FE 4;M Senior;20:38.0;0:00.0;2016-06-19T13:38:58.9260000;Kolsås
2;1;Robin;Wallner;M;SWE;JÄRPEN;FE 4;M Senior;20:49.0;0:11.0;2016-06-19T13:36:51.3070000;Järpen
3;50;Espen;Johnsen;M;NOR;Bergen MTB Klubb;FE 4;M Senior;21:43.0;1:05.0;2016-06-19T13:55:52.6540000;Bergen
4;17;Jon;Bokrantz;M;SWE;GÖTEBORG;FE 4;M Senior;22:02.0;1:24.0;2016-06-19T13:39:51.7000000;Göteborg
5;114;Nicklas;Fastegård;M;NOR;Oppdal SK;FE 4;M Senior;22:06.0;1:28.0;2016-06-19T13:47:59.1090000;Oppdal
6;34;Svenn;Fjeldheim;M;NOR;SOLBERGELVA;FE 4;M Senior;22:10.0;1:32.0;2016-06-19T13:42:57.6640000;Solbergelva
7;65;Lars;Sandviken;M;NOR;Drammen CK;FE 4;M Senior;22:17.0;1:39.0;2016-06-19T14:02:56.2210000;KONGSBERG
8;136;Thomas;Klingenberg;M;NOR;SK Rye sykkel;FE 4;M Senior;22:22.0;1:44.0;2016-06-19T13:40:32.2130000;Oslo
8;26;Niklas;Wallner;M;SWE;SÅGMYRA;FE 4;M Senior;22:22.0;1:44.0;2016-06-19T13:41:29.6000000;Sågmyra
10;57;Preben;Nøkleby;M;NOR;Bergen MTB Klubb;FE 4;M Senior;22:26.0;1:48.0;2016-06-19T14:30:15.0550000;BERGEN
11;91;Simon;Johansson;M;SWE;IK Hero;FE 4;M Senior;22:38.0;2:00.0;2016-06-19T13:42:38.5350000;Slependen
12;148;Anton;Karlsson;M;SWE;Ulricehamn CK;FE 4;M Senior;22:55.0;2:17.0;2016-06-19T13:41:18.3590000;Timmele
13;86;Ted;Johansen;M;NOR;IF Frøy;FE 4;M Senior;23:09.0;2:31.0;2016-06-19T13:56:46.6700000;OSLO
14;14;Joar;Solem;M;NOR;DRAMMEN;FE 4;M Senior;23:19.0;2:41.0;2016-06-19T13:45:32.3430000;Drammen
15;84;Erlend Hegrum;Askjer;M;NOR;Horten og Omegn's Cykleklubb;FE 4;M Senior;23:27.0;2:49.0;2016-06-19T14:48:28.4370000;Horten
16;106;Pål;Nakken;M;NOR;Molde CK;FE 4;M Senior;23:29.0;2:51.0;2016-06-19T14:24:57.1480000;Molde
17;30;Manfred;Kronbrink;M;SWE;GÖTEBORG;FE 4;M Senior;23:36.0;2:58.0;2016-06-19T13:42:26.1160000;Göteborg
18;74;Pål;Grotnes;M;NOR;Gresvik IF;FE 4;M Senior;23:37.0;2:59.0;2016-06-19T13:51:56.5020000;Fredrikstad
19;53;Thorstein;Gallefoss;M;NOR;Bergen MTB Klubb;FE 4;M Senior;23:52.0;3:14.0;2016-06-19T14:31:03.5480000;BLOMSTERDALEN
20;142;Johannes;LUND;M;NOR;Sogn CK;FE 4;M Senior;23:53.0;3:15.0;2016-06-19T13:48:55.4900000;Kaupanger
21;144;Tage Rickard;Sundell;M;SWE;Sogn CK;FE 4;M Senior;24:15.0;3:37.0;2016-06-19T13:46:10.3080000;LEIKANGER
22;115;John Ola;Buøy;M;NOR;Orkla CK;FE 4;M Senior;24:34.0;3:56.0;2016-06-19T14:25:57.7320000;Buvika
22;41;Baard;Hellebostad;M;NOR;Aron Skiklubb;FE 4;M Senior;24:34.0;3:56.0;2016-06-19T13:59:19.4080000;Borgen
24;100;Oscar Schiøtz;Smith;M;NOR;Kristiansands CK;FE 4;M Senior;24:57.0;4:19.0;2016-06-19T13:55:25.8960000;KRISTIANSAND S
25;76;Christian;Coll;M;NOR;Grimstad SK;FE 4;M Senior;24:58.0;4:20.0;2016-06-19T13:55:43.9860000;Arendal
26;80;Magnus;Grönberg;M;NOR;Hemsedal IL Sykkel;FE 4;M Senior;25:11.0;4:33.0;2016-06-19T14:22:36.0970000;Hemsedal
27;68;Thomas;Velde;M;NOR;Drøbak-Frogn IL Sykkel;FE 4;M Senior;25:23.0;4:45.0;2016-06-19T14:47:25.1520000;Drøbak
28;51;Anders;Veland;M;NOR;Bergen MTB Klubb;FE 4;M Senior;25:35.0;4:57.0;2016-06-19T14:32:39.7780000;SOGNDAL
29;82;Jonas;Olsson;M;NOR;Hemsedal IL Sykkel;FE 4;M Senior;25:40.0;5:02.0;2016-06-19T14:23:09.7130000;HEMSEDAL
30;12;Chris;Lazenby;M;GBR;ENGER;FE 4;M Senior;25:51.0;5:13.0;2016-06-19T14:14:45.7610000;Enger
31;59;Kenneth;Lømo;M;NOR;CK Elverum;FE 4;M Senior;26:05.0;5:27.0;2016-06-19T14:29:56.0840000;Elverum
32;4;Øyvind;Hem;M;NOR;OPPDAL;FE 4;M Senior;26:06.0;5:28.0;2016-06-19T14:24:48.1920000;Oppdal
33;54;Arild;Gravdal;M;NOR;Bergen MTB Klubb;FE 4;M Senior;26:07.0;5:29.0;2016-06-19T14:33:18.1520000;Øvre Ervik
34;23;Espen;Kebely;M;NOR;NØTTERØY;FE 4;M Senior;26:10.0;5:32.0;2016-06-19T14:22:11.5010000;Nøtterøy
35;2;Joakim;Karlsson;M;NOR;OSLO;FE 4;M Senior;26:14.0;5:36.0;2016-06-19T14:13:46.8330000;OSLO
36;81;Per Christian;Dahl;M;NOR;Hemsedal IL Sykkel;FE 4;M Senior;26:16.0;5:38.0;2016-06-19T14:23:51.6570000;HEMSEDAL
37;11;Alun William;Morley;M;GBR;ENGER;FE 4;M Senior;26:23.0;5:45.0;2016-06-19T14:09:56.9120000;Enger
38;29;Sindre;Bunkholt;M;NOR;DRAMMEN;FE 4;M Senior;26:25.0;5:47.0;2016-06-19T13:58:29.6960000;DRAMMEN
39;98;Sander;Solvær;M;NOR;Kristiansands CK;FE 4;M Senior;26:28.0;5:50.0;2016-06-19T13:54:36.6680000;KRISTIANSAND S
40;107;Kenneth;Bjørseth;M;NOR;Molde CK;FE 4;M Senior;26:33.0;5:55.0;2016-06-19T14:27:32.6930000;Molde
40;112;Karl Marius;Brobak;M;NOR;Narvik CK;FE 4;M Senior;26:33.0;5:55.0;2016-06-19T14:01:52.5420000;TROMSØ
42;96;Morgan;Bakken;M;NOR;Kragerø SK;FE 4;M Senior;26:44.0;6:06.0;2016-06-19T14:00:29.6450000;Kragerø
43;127;Michal;Goral;M;POL;SK Rye sykkel;FE 4;M Senior;26:49.0;6:11.0;2016-06-19T14:20:27.6830000;OSLO
44;104;Magnus Kalstad;Forseth;M;NOR;Lillehammer CK;FE 4;M Senior;26:50.0;6:12.0;2016-06-19T14:02:46.4850000;LILLEHAMMER
45;101;Morten;Trædal;M;NOR;Kristiansands CK;FE 4;M Senior;26:58.0;6:20.0;2016-06-19T13:56:58.2310000;Kristiansand S
46;122;Frank;Seidel;M;NOR;SK Rye sykkel;FE 4;M Senior;27:07.0;6:29.0;2016-06-19T14:05:42.0850000;Hvam
47;32;Jon-Gunnar;Fredriksen;M;NOR;OSLO;FE 4;M Senior;27:10.0;6:32.0;2016-06-19T14:13:39.8720000;Oslo
48;97;Ole André;Tveit;M;NOR;Kragerø SK;FE 4;M Senior;27:17.0;6:39.0;2016-06-19T14:01:21.6290000;Oslo
49;67;Aleksander;Ødegård;M;NOR;Drammen CK;FE 4;M Senior;27:22.0;6:44.0;2016-06-19T14:03:24.6600000;KONGSBERG
50;18;Niklas;Halvorsen;M;NOR;KRISTIANSAND S;FE 4;M Senior;27:23.0;6:45.0;2016-06-19T13:55:32.9990000;Kristiansand S
51;105;Knut;Haugen;M;NOR;Lørenskog CK;FE 4;M Senior;27:40.0;7:02.0;2016-06-19T13:45:22.8840000;RASTA
52;64;Kristoffer;Andresen;M;NOR;Drammen CK;FE 4;M Senior;28:01.0;7:23.0;2016-06-19T13:59:21.7000000;Drammen
53;103;Tom;Ruud;M;NOR;Lillehammer CK;FE 4;M Senior;28:03.0;7:25.0;2016-06-19T13:54:02.8410000;Lillehammer
54;58;Andre;Skutle;M;NOR;Bergen MTB Klubb;FE 4;M Senior;28:13.0;7:35.0;2016-06-19T14:35:38.5360000;RÅDAL
55;89;Eivind;Bjerke;M;NOR;IK Hero;FE 4;M Senior;28:14.0;7:36.0;2016-06-19T14:17:33.5020000;OSLO
56;21;Stein Inge;Dahle;M;NOR;ÅL;FE 4;M Senior;28:18.0;7:40.0;2016-06-19T14:32:55.1160000;Ål
57;31;Ernst;Andersen;M;NOR;RAUFOSS;FE 4;M Senior;28:19.0;7:41.0;2016-06-19T14:40:27.9910000;RAUFOSS
57;85;Andreas Strømsvåg;Francke;M;NOR;IF Frøy;FE 4;M Senior;28:19.0;7:41.0;2016-06-19T14:20:08.7130000;Oslo
57;55;Leiv;Tvenning;M;NOR;Bergen MTB Klubb;FE 4;M Senior;28:19.0;7:41.0;2016-06-19T14:41:48.5970000;BERGEN
60;137;Nicolas Yann;Couturier;M;FRA;SK Rye sykkel;FE 4;M Senior;28:36.0;7:58.0;2016-06-19T14:58:40.4100000;Oslo
61;63;Stian;Lunn;M;NOR;Dampsaga Idrettslag;FE 4;M Senior;28:42.0;8:04.0;2016-06-19T13:55:01.3510000;Lillehammer
62;131;Kristian;Eckhoff;M;NOR;SK Rye sykkel;FE 4;M Senior;28:46.0;8:08.0;2016-06-19T14:36:37.7620000;Oslo
63;138;Odd Magnus;Guldal;M;NOR;SK Rye sykkel;FE 4;M Senior;28:48.0;8:10.0;2016-06-19T14:30:30.6850000;Oslo
64;62;Sindre;Lidsheim;M;NOR;CK Nittedal;FE 4;M Senior;28:50.0;8:12.0;2016-06-19T14:22:32.4730000;Nittedal
65;52;Mads;Øftshus;M;NOR;Bergen MTB Klubb;FE 4;M Senior;28:55.0;8:17.0;2016-06-19T14:34:47.3250000;BERGEN
66;5;Philip Mark;Grimes;M;GBR;ENGER;FE 4;M Senior;29:16.0;8:38.0;2016-06-19T14:17:57.1360000;Enger
67;124;Øystein;Flatebø;M;NOR;SK Rye sykkel;FE 4;M Senior;29:19.0;8:41.0;2016-06-19T15:16:57.4040000;OSLO
68;7;Stian;Engebretsen;M;NOR;SKEDSMOKORSET;FE 4;M Senior;29:20.0;8:42.0;2016-06-19T14:30:09.6970000;SKEDSMOKORSET
69;60;Knut Erik;Håberget;M;NOR;CK Elverum;FE 4;M Senior;29:27.0;8:49.0;2016-06-19T14:31:13.5560000;Elverum
70;102;Torjus;Winther;M;NOR;Krokskogen Cykleklubb;FE 4;M Senior;29:32.0;8:54.0;2016-06-19T14:28:08.7100000;Hønefoss
71;73;Hallvard;Futterer-Wannebo;M;NOR;Follo SK;FE 4;M Senior;29:34.0;8:56.0;2016-06-19T14:36:48.6490000;ÅS
72;141;Stian;LIE;M;NOR;Sogn CK;FE 4;M Senior;29:40.0;9:02.0;2016-06-19T13:53:00.7910000;SOGNDAL
73;36;Geir;Jørgensen;M;NOR;OSLO;FE 4;M Senior;29:58.0;9:20.0;2016-06-19T14:29:18.4150000;OSLO
74;147;Georg;Breda;M;NOR;;FE 4;M Senior;30:05.0;9:27.0;2016-06-19T14:22:21.0080000;
75;25;Michael;Elstob;M;GBR;ENGER;FE 4;M Senior;30:16.0;9:38.0;2016-06-19T14:17:49.3600000;Enger
76;149;Jack;Corby;M;GBR;;FE 4;M Senior;30:31.0;9:53.0;2016-06-19T14:20:13.8280000;
77;132;Frode Kristian Møller;Ditlefsen;M;NOR;SK Rye sykkel;FE 4;M Senior;30:55.0;10:17.0;2016-06-19T15:00:36.8990000;Oslo
78;130;Håvard;Arnstad;M;NOR;SK Rye sykkel;FE 4;M Senior;31:41.0;11:03.0;2016-06-19T14:53:29.2270000;Oslo
79;90;Lars Krogstad;Lien;M;NOR;IK Hero;FE 4;M Senior;31:54.0;11:16.0;2016-06-19T14:19:13.9040000;OSLO
80;71;Knut Espen;Bryhn;M;NOR;Drøbak-Frogn IL Sykkel;FE 4;M Senior;32:05.0;11:27.0;2016-06-19T14:56:47.4370000;DRØBAK
81;110;Fredrik;Arnesen;M;NOR;Moss CK;FE 4;M Senior;32:21.0;11:43.0;2016-06-19T14:57:02.5620000;Moss
82;10;Carl;Davidson;M;GBR;ENGER;FE 4;M Senior;32:43.0;12:05.0;2016-06-19T14:18:04.8750000;Enger
83;20;Thomas;Ramstad;M;NOR;NØTTERØY;FE 4;M Senior;32:49.0;12:11.0;2016-06-19T14:26:58.5110000;NØTTERØY
84;113;David;Gabrielsen;M;NOR;Nesodden SK;FE 4;M Senior;33:55.0;13:17.0;2016-06-19T14:33:04.4660000;FAGERSTRAND
85;47;Martin;Solheim;M;NOR;Benteler BIL;FE 4;M Senior;38:37.0;17:59.0;2016-06-19T14:10:20.2880000;GJØVIK
86;13;Håvard;Mageli;M;NOR;OSLO;FE 4;M Senior;43:51.0;23:13.0;2016-06-19T14:52:15.9180000;OSLO
87;19;Stein Kåre;Øfjord;M;NOR;NITTEDAL;FE 4;M Senior;0:00.0;;;NITTEDAL
87;61;Audun;Rogstadkjærnet;M;NOR;CK Elverum;FE 4;M Senior;0:00.0;;;HERNES
87;150;Bård Sturla;Stokke;M;NOR;Aron SK;FE 4;M Senior;0:00.0;;;OSLO
1;44;Stina;Bondehagen;F;NOR;Aron Skiklubb;FE 5;K Senior;33:12.0;0:00.0;2016-06-19T15:15:45.9890000;Oslo
2;66;Alice;Grindheim;F;NOR;Drammen CK;FE 5;K Senior;33:32.0;0:20.0;2016-06-19T15:35:11.7860000;Oslo
3;48;Vera;Leivsdottir;F;NOR;Bergen MTB Klubb;FE 5;K Senior;33:43.0;0:31.0;2016-06-19T15:26:58.4180000;Bergen
4;78;Helene Thon;Moland;F;NOR;Hemsedal IL Sykkel;FE 5;K Senior;34:12.0;1:00.0;2016-06-19T15:15:20.8460000;Hosle
5;135;Ida;Håkonsson;F;NOR;SK Rye sykkel;FE 5;K Senior;34:13.0;1:01.0;2016-06-19T15:37:28.2110000;Oslo
6;16;Anette Røssum;Bastnes;F;NOR;OSLO;FE 5;K Senior;34:18.0;1:06.0;2016-06-19T15:28:39.2430000;Oslo
7;109;Elin;Berg;F;NOR;Molde CK;FE 5;K Senior;35:25.0;2:13.0;2016-06-19T15:33:32.8420000;Molde
8;108;Anne;Melbo;F;NOR;Molde CK;FE 5;K Senior;36:17.0;3:05.0;2016-06-19T15:33:10.0400000;Molde
9;93;Julie;Appelkvist;F;NOR;IL Stjørdals-Blink;FE 5;K Senior;37:13.0;4:01.0;2016-06-19T15:01:51.0590000;TRONDHEIM
10;87;Marte;Lund;F;NOR;IF Frøy;FE 5;K Senior;38:33.0;5:21.0;2016-06-19T15:17:54.3360000;Oslo
11;125;Karen;Almås;F;NOR;SK Rye sykkel;FE 5;K Senior;43:01.0;9:49.0;2016-06-19T15:49:20.1360000;OSLO
12;49;Elinborg;Olafsdottir;F;ISL;Bergen MTB Klubb;FE 5;K Senior;43:38.0;10:26.0;2016-06-19T15:30:50.4000000;BERGEN
13;46;Silje;Gjerde;F;NOR;Aron Skiklubb;FE 5;K Senior;46:42.0;13:30.0;2016-06-19T15:14:18.8280000;OSLO
14;38;Beate;Akselsen;F;NOR;OSLO;FE 5;K Senior;48:45.0;15:33.0;2016-06-19T15:44:10.0970000;OSLO
15;88;Martine;Stenbro;F;NOR;IF Frøy;FE 5;K Senior;55:32.0;22:20.0;2016-06-19T15:38:08.0490000;Oslo
1;129;Zakarias Blom;Johansen;M;NOR;SK Rye sykkel;FE 5;M Senior;24:25.0;0:00.0;2016-06-19T14:06:47.7160000;Kolsås
2;1;Robin;Wallner;M;SWE;JÄRPEN;FE 5;M Senior;24:32.0;0:07.0;2016-06-19T14:10:44.5460000;Järpen
3;50;Espen;Johnsen;M;NOR;Bergen MTB Klubb;FE 5;M Senior;25:42.0;1:17.0;2016-06-19T14:23:00.6350000;Bergen
4;17;Jon;Bokrantz;M;SWE;GÖTEBORG;FE 5;M Senior;26:07.0;1:42.0;2016-06-19T14:08:35.8150000;Göteborg
5;114;Nicklas;Fastegård;M;NOR;Oppdal SK;FE 5;M Senior;26:11.0;1:46.0;2016-06-19T14:13:06.1410000;Oppdal
6;34;Svenn;Fjeldheim;M;NOR;SOLBERGELVA;FE 5;M Senior;26:18.0;1:53.0;2016-06-19T14:08:09.0480000;Solbergelva
7;65;Lars;Sandviken;M;NOR;Drammen CK;FE 5;M Senior;26:26.0;2:01.0;2016-06-19T14:30:10.7670000;KONGSBERG
8;136;Thomas;Klingenberg;M;NOR;SK Rye sykkel;FE 5;M Senior;26:34.0;2:09.0;2016-06-19T14:14:41.3250000;Oslo
9;26;Niklas;Wallner;M;SWE;SÅGMYRA;FE 5;M Senior;26:36.0;2:11.0;2016-06-19T14:11:45.8470000;Sågmyra
10;57;Preben;Nøkleby;M;NOR;Bergen MTB Klubb;FE 5;M Senior;26:39.0;2:14.0;2016-06-19T15:19:14.7560000;BERGEN
11;91;Simon;Johansson;M;SWE;IK Hero;FE 5;M Senior;26:46.0;2:21.0;2016-06-19T14:12:39.6930000;Slependen
12;148;Anton;Karlsson;M;SWE;Ulricehamn CK;FE 5;M Senior;27:14.0;2:49.0;2016-06-19T14:07:50.2180000;Timmele
13;86;Ted;Johansen;M;NOR;IF Frøy;FE 5;M Senior;27:28.0;3:03.0;2016-06-19T14:23:50.2390000;OSLO
14;14;Joar;Solem;M;NOR;DRAMMEN;FE 5;M Senior;27:36.0;3:11.0;2016-06-19T14:17:19.3370000;Drammen
15;84;Erlend Hegrum;Askjer;M;NOR;Horten og Omegn's Cykleklubb;FE 5;M Senior;27:46.0;3:21.0;2016-06-19T15:24:51.8320000;Horten
16;30;Manfred;Kronbrink;M;SWE;GÖTEBORG;FE 5;M Senior;27:55.0;3:30.0;2016-06-19T14:12:20.5330000;Göteborg
17;106;Pål;Nakken;M;NOR;Molde CK;FE 5;M Senior;27:56.0;3:31.0;2016-06-19T14:58:58.6620000;Molde
18;74;Pål;Grotnes;M;NOR;Gresvik IF;FE 5;M Senior;28:06.0;3:41.0;2016-06-19T14:28:33.9120000;Fredrikstad
19;142;Johannes;LUND;M;NOR;Sogn CK;FE 5;M Senior;28:16.0;3:51.0;2016-06-19T14:18:54.5770000;Kaupanger
20;53;Thorstein;Gallefoss;M;NOR;Bergen MTB Klubb;FE 5;M Senior;28:36.0;4:11.0;2016-06-19T15:21:45.8450000;BLOMSTERDALEN
21;144;Tage Rickard;Sundell;M;SWE;Sogn CK;FE 5;M Senior;28:54.0;4:29.0;2016-06-19T14:18:10.5940000;LEIKANGER
22;41;Baard;Hellebostad;M;NOR;Aron Skiklubb;FE 5;M Senior;29:07.0;4:42.0;2016-06-19T14:34:34.5250000;Borgen
23;115;John Ola;Buøy;M;NOR;Orkla CK;FE 5;M Senior;29:15.0;4:50.0;2016-06-19T14:59:42.2880000;Buvika
24;76;Christian;Coll;M;NOR;Grimstad SK;FE 5;M Senior;29:28.0;5:03.0;2016-06-19T14:35:31.9420000;Arendal
25;80;Magnus;Grönberg;M;NOR;Hemsedal IL Sykkel;FE 5;M Senior;29:47.0;5:22.0;2016-06-19T15:07:36.9300000;Hemsedal
26;100;Oscar Schiøtz;Smith;M;NOR;Kristiansands CK;FE 5;M Senior;30:06.0;5:41.0;2016-06-19T14:33:10.9540000;KRISTIANSAND S
27;51;Anders;Veland;M;NOR;Bergen MTB Klubb;FE 5;M Senior;30:27.0;6:02.0;2016-06-19T15:24:24.6520000;SOGNDAL
28;12;Chris;Lazenby;M;GBR;ENGER;FE 5;M Senior;30:46.0;6:21.0;2016-06-19T14:55:26.7420000;Enger
29;59;Kenneth;Lømo;M;NOR;CK Elverum;FE 5;M Senior;30:55.0;6:30.0;2016-06-19T15:03:51.3710000;Elverum
30;54;Arild;Gravdal;M;NOR;Bergen MTB Klubb;FE 5;M Senior;31:01.0;6:36.0;2016-06-19T15:22:25.8340000;Øvre Ervik
31;4;Øyvind;Hem;M;NOR;OPPDAL;FE 5;M Senior;31:07.0;6:42.0;2016-06-19T15:13:02.4780000;Oppdal
32;2;Joakim;Karlsson;M;NOR;OSLO;FE 5;M Senior;31:08.0;6:43.0;2016-06-19T14:41:26.2170000;OSLO
33;23;Espen;Kebely;M;NOR;NØTTERØY;FE 5;M Senior;31:15.0;6:50.0;2016-06-19T15:13:36.2280000;Nøtterøy
34;11;Alun William;Morley;M;GBR;ENGER;FE 5;M Senior;31:20.0;6:55.0;2016-06-19T14:54:29.6020000;Enger
35;112;Karl Marius;Brobak;M;NOR;Narvik CK;FE 5;M Senior;31:24.0;6:59.0;2016-06-19T14:34:23.3660000;TROMSØ
36;29;Sindre;Bunkholt;M;NOR;DRAMMEN;FE 5;M Senior;31:36.0;7:11.0;2016-06-19T14:57:42.9240000;DRAMMEN
37;127;Michal;Goral;M;POL;SK Rye sykkel;FE 5;M Senior;31:37.0;7:12.0;2016-06-19T15:08:19.0000000;OSLO
38;107;Kenneth;Bjørseth;M;NOR;Molde CK;FE 5;M Senior;31:38.0;7:13.0;2016-06-19T15:00:32.3390000;Molde
39;98;Sander;Solvær;M;NOR;Kristiansands CK;FE 5;M Senior;31:40.0;7:15.0;2016-06-19T14:32:13.1930000;KRISTIANSAND S
40;96;Morgan;Bakken;M;NOR;Kragerø SK;FE 5;M Senior;31:41.0;7:16.0;2016-06-19T14:36:28.2780000;Kragerø
41;81;Per Christian;Dahl;M;NOR;Hemsedal IL Sykkel;FE 5;M Senior;31:52.0;7:27.0;2016-06-19T15:08:08.2860000;HEMSEDAL
42;104;Magnus Kalstad;Forseth;M;NOR;Lillehammer CK;FE 5;M Senior;32:08.0;7:43.0;2016-06-19T14:35:50.1180000;LILLEHAMMER
43;101;Morten;Trædal;M;NOR;Kristiansands CK;FE 5;M Senior;32:09.0;7:44.0;2016-06-19T14:33:42.7200000;Kristiansand S
44;68;Thomas;Velde;M;NOR;Drøbak-Frogn IL Sykkel;FE 5;M Senior;32:12.0;7:47.0;2016-06-19T15:25:20.9040000;Drøbak
45;97;Ole André;Tveit;M;NOR;Kragerø SK;FE 5;M Senior;32:13.0;7:48.0;2016-06-19T14:37:27.1060000;Oslo
46;32;Jon-Gunnar;Fredriksen;M;NOR;OSLO;FE 5;M Senior;32:14.0;7:49.0;2016-06-19T14:42:05.2990000;Oslo
47;122;Frank;Seidel;M;NOR;SK Rye sykkel;FE 5;M Senior;32:15.0;7:50.0;2016-06-19T14:45:09.0720000;Hvam
48;67;Aleksander;Ødegård;M;NOR;Drammen CK;FE 5;M Senior;32:23.0;7:58.0;2016-06-19T14:37:02.4780000;KONGSBERG
49;18;Niklas;Halvorsen;M;NOR;KRISTIANSAND S;FE 5;M Senior;32:47.0;8:22.0;2016-06-19T14:34:26.2040000;Kristiansand S
50;64;Kristoffer;Andresen;M;NOR;Drammen CK;FE 5;M Senior;32:52.0;8:27.0;2016-06-19T14:57:52.2340000;Drammen
51;105;Knut;Haugen;M;NOR;Lørenskog CK;FE 5;M Senior;32:59.0;8:34.0;2016-06-19T14:16:19.1270000;RASTA
52;103;Tom;Ruud;M;NOR;Lillehammer CK;FE 5;M Senior;33:15.0;8:50.0;2016-06-19T14:29:43.4170000;Lillehammer
53;85;Andreas Strømsvåg;Francke;M;NOR;IF Frøy;FE 5;M Senior;33:26.0;9:01.0;2016-06-19T15:16:08.2740000;Oslo
54;58;Andre;Skutle;M;NOR;Bergen MTB Klubb;FE 5;M Senior;33:28.0;9:03.0;2016-06-19T15:27:46.9180000;RÅDAL
55;82;Jonas;Olsson;M;NOR;Hemsedal IL Sykkel;FE 5;M Senior;33:35.0;9:10.0;2016-06-19T15:09:56.2830000;HEMSEDAL
56;55;Leiv;Tvenning;M;NOR;Bergen MTB Klubb;FE 5;M Senior;33:40.0;9:15.0;2016-06-19T15:31:21.6720000;BERGEN
57;21;Stein Inge;Dahle;M;NOR;ÅL;FE 5;M Senior;33:44.0;9:19.0;2016-06-19T15:17:27.0710000;Ål
58;89;Eivind;Bjerke;M;NOR;IK Hero;FE 5;M Senior;33:45.0;9:20.0;2016-06-19T15:02:58.9100000;OSLO
59;131;Kristian;Eckhoff;M;NOR;SK Rye sykkel;FE 5;M Senior;33:49.0;9:24.0;2016-06-19T15:17:34.4500000;Oslo
60;31;Ernst;Andersen;M;NOR;RAUFOSS;FE 5;M Senior;33:52.0;9:27.0;2016-06-19T15:26:34.7510000;RAUFOSS
60;137;Nicolas Yann;Couturier;M;FRA;SK Rye sykkel;FE 5;M Senior;33:52.0;9:27.0;2016-06-19T15:36:18.0080000;Oslo
62;52;Mads;Øftshus;M;NOR;Bergen MTB Klubb;FE 5;M Senior;34:18.0;9:53.0;2016-06-19T15:25:25.1870000;BERGEN
63;63;Stian;Lunn;M;NOR;Dampsaga Idrettslag;FE 5;M Senior;34:26.0;10:01.0;2016-06-19T14:30:45.1600000;Lillehammer
64;7;Stian;Engebretsen;M;NOR;SKEDSMOKORSET;FE 5;M Senior;34:40.0;10:15.0;2016-06-19T15:19:21.6280000;SKEDSMOKORSET
65;138;Odd Magnus;Guldal;M;NOR;SK Rye sykkel;FE 5;M Senior;34:43.0;10:18.0;2016-06-19T15:18:56.6680000;Oslo
66;60;Knut Erik;Håberget;M;NOR;CK Elverum;FE 5;M Senior;34:48.0;10:23.0;2016-06-19T15:04:51.6730000;Elverum
67;5;Philip Mark;Grimes;M;GBR;ENGER;FE 5;M Senior;35:08.0;10:43.0;2016-06-19T14:57:53.7930000;Enger
68;124;Øystein;Flatebø;M;NOR;SK Rye sykkel;FE 5;M Senior;35:16.0;10:51.0;2016-06-19T15:47:28.4940000;OSLO
69;141;Stian;LIE;M;NOR;Sogn CK;FE 5;M Senior;35:20.0;10:55.0;2016-06-19T14:20:42.0380000;SOGNDAL
70;73;Hallvard;Futterer-Wannebo;M;NOR;Follo SK;FE 5;M Senior;35:28.0;11:03.0;2016-06-19T15:19:26.1210000;ÅS
71;36;Geir;Jørgensen;M;NOR;OSLO;FE 5;M Senior;35:31.0;11:06.0;2016-06-19T15:11:03.6020000;OSLO
72;102;Torjus;Winther;M;NOR;Krokskogen Cykleklubb;FE 5;M Senior;35:51.0;11:26.0;2016-06-19T15:12:20.4280000;Hønefoss
73;147;Georg;Breda;M;NOR;;FE 5;M Senior;36:12.0;11:47.0;2016-06-19T15:10:07.8650000;
73;25;Michael;Elstob;M;GBR;ENGER;FE 5;M Senior;36:12.0;11:47.0;2016-06-19T14:57:28.1070000;Enger
75;149;Jack;Corby;M;GBR;;FE 5;M Senior;36:14.0;11:49.0;2016-06-19T15:03:44.0000000;
76;132;Frode Kristian Møller;Ditlefsen;M;NOR;SK Rye sykkel;FE 5;M Senior;36:44.0;12:19.0;2016-06-19T15:39:48.0370000;Oslo
77;71;Knut Espen;Bryhn;M;NOR;Drøbak-Frogn IL Sykkel;FE 5;M Senior;38:00.0;13:35.0;2016-06-19T15:40:55.7410000;DRØBAK
78;130;Håvard;Arnstad;M;NOR;SK Rye sykkel;FE 5;M Senior;38:14.0;13:49.0;2016-06-19T15:42:04.2410000;Oslo
79;90;Lars Krogstad;Lien;M;NOR;IK Hero;FE 5;M Senior;38:15.0;13:50.0;2016-06-19T15:03:18.4940000;OSLO
80;110;Fredrik;Arnesen;M;NOR;Moss CK;FE 5;M Senior;38:31.0;14:06.0;2016-06-19T15:40:40.7960000;Moss
81;62;Sindre;Lidsheim;M;NOR;CK Nittedal;FE 5;M Senior;38:44.0;14:19.0;2016-06-19T15:03:26.0960000;Nittedal
81;20;Thomas;Ramstad;M;NOR;NØTTERØY;FE 5;M Senior;38:44.0;14:19.0;2016-06-19T15:14:56.6310000;NØTTERØY
83;10;Carl;Davidson;M;GBR;ENGER;FE 5;M Senior;39:07.0;14:42.0;2016-06-19T14:57:25.7910000;Enger
84;113;David;Gabrielsen;M;NOR;Nesodden SK;FE 5;M Senior;39:54.0;15:29.0;2016-06-19T15:06:00.2500000;FAGERSTRAND
85;47;Martin;Solheim;M;NOR;Benteler BIL;FE 5;M Senior;46:18.0;21:53.0;2016-06-19T14:40:42.7160000;GJØVIK
86;13;Håvard;Mageli;M;NOR;OSLO;FE 5;M Senior;49:01.0;24:36.0;2016-06-19T15:27:11.9570000;OSLO
87;70;Christoffer Engebretsen;Bakke;M;NOR;Drøbak-Frogn IL Sykkel;FE 5;M Senior;0:00.0;;;VESTBY
87;19;Stein Kåre;Øfjord;M;NOR;NITTEDAL;FE 5;M Senior;0:00.0;;;NITTEDAL
87;61;Audun;Rogstadkjærnet;M;NOR;CK Elverum;FE 5;M Senior;0:00.0;;;HERNES
87;150;Bård Sturla;Stokke;M;NOR;Aron SK;FE 5;M Senior;0:00.0;;;OSLO
87;139;Stian;Storm;M;NOR;Snake Oil;FE 5;M Senior;0:00.0;;;OSLO
1;44;Stina;Bondehagen;F;NOR;Aron Skiklubb;FE 6;K Senior;35:11.0;0:00.0;2016-06-19T15:24:59.3900000;Oslo
2;66;Alice;Grindheim;F;NOR;Drammen CK;FE 6;K Senior;35:36.0;0:25.0;2016-06-19T15:42:05.1440000;Oslo
3;48;Vera;Leivsdottir;F;NOR;Bergen MTB Klubb;FE 6;K Senior;35:50.0;0:39.0;2016-06-19T15:38:08.2650000;Bergen
4;135;Ida;Håkonsson;F;NOR;SK Rye sykkel;FE 6;K Senior;36:15.0;1:04.0;2016-06-19T15:50:02.6420000;Oslo
5;16;Anette Røssum;Bastnes;F;NOR;OSLO;FE 6;K Senior;36:23.0;1:12.0;2016-06-19T15:39:35.6260000;Oslo
6;78;Helene Thon;Moland;F;NOR;Hemsedal IL Sykkel;FE 6;K Senior;36:24.0;1:13.0;2016-06-19T15:21:42.6050000;Hosle
7;109;Elin;Berg;F;NOR;Molde CK;FE 6;K Senior;37:35.0;2:24.0;2016-06-19T15:47:10.8060000;Molde
8;108;Anne;Melbo;F;NOR;Molde CK;FE 6;K Senior;38:25.0;3:14.0;2016-06-19T15:47:38.8570000;Molde
9;93;Julie;Appelkvist;F;NOR;IL Stjørdals-Blink;FE 6;K Senior;39:23.0;4:12.0;2016-06-19T15:12:40.6220000;TRONDHEIM
10;87;Marte;Lund;F;NOR;IF Frøy;FE 6;K Senior;40:40.0;5:29.0;2016-06-19T15:26:07.4800000;Oslo
11;125;Karen;Almås;F;NOR;SK Rye sykkel;FE 6;K Senior;45:32.0;10:21.0;2016-06-19T15:54:31.8330000;OSLO
12;49;Elinborg;Olafsdottir;F;ISL;Bergen MTB Klubb;FE 6;K Senior;46:07.0;10:56.0;2016-06-19T15:49:30.0060000;BERGEN
13;46;Silje;Gjerde;F;NOR;Aron Skiklubb;FE 6;K Senior;49:31.0;14:20.0;2016-06-19T15:23:49.5060000;OSLO
14;38;Beate;Akselsen;F;NOR;OSLO;FE 6;K Senior;51:24.0;16:13.0;2016-06-19T15:52:10.0250000;OSLO
15;88;Martine;Stenbro;F;NOR;IF Frøy;FE 6;K Senior;57:40.0;22:29.0;2016-06-19T15:48:08.9790000;Oslo
1;129;Zakarias Blom;Johansen;M;NOR;SK Rye sykkel;FE 6;M Senior;25:57.0;0:00.0;2016-06-19T14:19:33.2840000;Kolsås
2;1;Robin;Wallner;M;SWE;JÄRPEN;FE 6;M Senior;26:07.0;0:10.0;2016-06-19T14:19:05.3680000;Järpen
3;50;Espen;Johnsen;M;NOR;Bergen MTB Klubb;FE 6;M Senior;27:17.0;1:20.0;2016-06-19T14:48:35.5010000;Bergen
4;17;Jon;Bokrantz;M;SWE;GÖTEBORG;FE 6;M Senior;27:44.0;1:47.0;2016-06-19T14:22:08.1050000;Göteborg
5;114;Nicklas;Fastegård;M;NOR;Oppdal SK;FE 6;M Senior;27:48.0;1:51.0;2016-06-19T14:20:08.1620000;Oppdal
6;34;Svenn;Fjeldheim;M;NOR;SOLBERGELVA;FE 6;M Senior;27:54.0;1:57.0;2016-06-19T14:21:07.1920000;Solbergelva
7;65;Lars;Sandviken;M;NOR;Drammen CK;FE 6;M Senior;28:01.0;2:04.0;2016-06-19T14:37:35.5900000;KONGSBERG
8;136;Thomas;Klingenberg;M;NOR;SK Rye sykkel;FE 6;M Senior;28:15.0;2:18.0;2016-06-19T14:29:11.5860000;Oslo
8;26;Niklas;Wallner;M;SWE;SÅGMYRA;FE 6;M Senior;28:15.0;2:18.0;2016-06-19T14:22:40.1280000;Sågmyra
10;57;Preben;Nøkleby;M;NOR;Bergen MTB Klubb;FE 6;M Senior;28:21.0;2:24.0;2016-06-19T15:29:43.2660000;BERGEN
11;91;Simon;Johansson;M;SWE;IK Hero;FE 6;M Senior;28:31.0;2:34.0;2016-06-19T14:23:15.4660000;Slependen
12;148;Anton;Karlsson;M;SWE;Ulricehamn CK;FE 6;M Senior;29:03.0;3:06.0;2016-06-19T14:20:49.5060000;Timmele
13;86;Ted;Johansen;M;NOR;IF Frøy;FE 6;M Senior;29:12.0;3:15.0;2016-06-19T14:36:44.7170000;OSLO
14;14;Joar;Solem;M;NOR;DRAMMEN;FE 6;M Senior;29:15.0;3:18.0;2016-06-19T14:33:09.8570000;Drammen
15;84;Erlend Hegrum;Askjer;M;NOR;Horten og Omegn's Cykleklubb;FE 6;M Senior;29:32.0;3:35.0;2016-06-19T15:40:46.6890000;Horten
16;106;Pål;Nakken;M;NOR;Molde CK;FE 6;M Senior;29:39.0;3:42.0;2016-06-19T15:13:13.9560000;Molde
17;30;Manfred;Kronbrink;M;SWE;GÖTEBORG;FE 6;M Senior;29:40.0;3:43.0;2016-06-19T14:21:46.2810000;Göteborg
18;74;Pål;Grotnes;M;NOR;Gresvik IF;FE 6;M Senior;29:52.0;3:55.0;2016-06-19T14:45:46.9400000;Fredrikstad
19;53;Thorstein;Gallefoss;M;NOR;Bergen MTB Klubb;FE 6;M Senior;30:30.0;4:33.0;2016-06-19T15:36:54.8230000;BLOMSTERDALEN
20;144;Tage Rickard;Sundell;M;SWE;Sogn CK;FE 6;M Senior;30:39.0;4:42.0;2016-06-19T14:34:45.6430000;LEIKANGER
21;41;Baard;Hellebostad;M;NOR;Aron Skiklubb;FE 6;M Senior;30:54.0;4:57.0;2016-06-19T14:45:18.0460000;Borgen
22;115;John Ola;Buøy;M;NOR;Orkla CK;FE 6;M Senior;31:04.0;5:07.0;2016-06-19T15:15:49.4130000;Buvika
23;76;Christian;Coll;M;NOR;Grimstad SK;FE 6;M Senior;31:14.0;5:17.0;2016-06-19T14:44:16.9340000;Arendal
24;80;Magnus;Grönberg;M;NOR;Hemsedal IL Sykkel;FE 6;M Senior;31:37.0;5:40.0;2016-06-19T15:30:50.7620000;Hemsedal
25;100;Oscar Schiøtz;Smith;M;NOR;Kristiansands CK;FE 6;M Senior;32:02.0;6:05.0;2016-06-19T14:51:26.4180000;KRISTIANSAND S
26;51;Anders;Veland;M;NOR;Bergen MTB Klubb;FE 6;M Senior;32:28.0;6:31.0;2016-06-19T15:33:02.2080000;SOGNDAL
27;12;Chris;Lazenby;M;GBR;ENGER;FE 6;M Senior;32:43.0;6:46.0;2016-06-19T15:09:57.3720000;Enger
28;59;Kenneth;Lømo;M;NOR;CK Elverum;FE 6;M Senior;32:46.0;6:49.0;2016-06-19T15:10:51.8540000;Elverum
29;54;Arild;Gravdal;M;NOR;Bergen MTB Klubb;FE 6;M Senior;32:56.0;6:59.0;2016-06-19T15:33:55.9420000;Øvre Ervik
30;2;Joakim;Karlsson;M;NOR;OSLO;FE 6;M Senior;33:05.0;7:08.0;2016-06-19T14:49:27.6770000;OSLO
31;4;Øyvind;Hem;M;NOR;OPPDAL;FE 6;M Senior;33:07.0;7:10.0;2016-06-19T15:27:31.2180000;Oppdal
32;23;Espen;Kebely;M;NOR;NØTTERØY;FE 6;M Senior;33:08.0;7:11.0;2016-06-19T15:26:53.9090000;Nøtterøy
33;11;Alun William;Morley;M;GBR;ENGER;FE 6;M Senior;33:11.0;7:14.0;2016-06-19T15:08:21.9810000;Enger
34;112;Karl Marius;Brobak;M;NOR;Narvik CK;FE 6;M Senior;33:21.0;7:24.0;2016-06-19T14:42:58.3100000;TROMSØ
35;127;Michal;Goral;M;POL;SK Rye sykkel;FE 6;M Senior;33:31.0;7:34.0;2016-06-19T15:28:25.1790000;OSLO
36;29;Sindre;Bunkholt;M;NOR;DRAMMEN;FE 6;M Senior;33:32.0;7:35.0;2016-06-19T15:06:26.4500000;DRAMMEN
37;96;Morgan;Bakken;M;NOR;Kragerø SK;FE 6;M Senior;33:37.0;7:40.0;2016-06-19T14:46:57.1750000;Kragerø
37;107;Kenneth;Bjørseth;M;NOR;Molde CK;FE 6;M Senior;33:37.0;7:40.0;2016-06-19T15:14:59.7540000;Molde
39;81;Per Christian;Dahl;M;NOR;Hemsedal IL Sykkel;FE 6;M Senior;33:43.0;7:46.0;2016-06-19T15:31:21.7810000;HEMSEDAL
40;98;Sander;Solvær;M;NOR;Kristiansands CK;FE 6;M Senior;33:46.0;7:49.0;2016-06-19T14:38:36.7390000;KRISTIANSAND S
41;68;Thomas;Velde;M;NOR;Drøbak-Frogn IL Sykkel;FE 6;M Senior;34:02.0;8:05.0;2016-06-19T15:40:20.5520000;Drøbak
42;32;Jon-Gunnar;Fredriksen;M;NOR;OSLO;FE 6;M Senior;34:08.0;8:11.0;2016-06-19T14:49:55.0370000;Oslo
43;97;Ole André;Tveit;M;NOR;Kragerø SK;FE 6;M Senior;34:10.0;8:13.0;2016-06-19T14:46:27.7570000;Oslo
44;122;Frank;Seidel;M;NOR;SK Rye sykkel;FE 6;M Senior;34:12.0;8:15.0;2016-06-19T14:55:28.0040000;Hvam
44;101;Morten;Trædal;M;NOR;Kristiansands CK;FE 6;M Senior;34:12.0;8:15.0;2016-06-19T14:42:33.5400000;Kristiansand S
46;104;Magnus Kalstad;Forseth;M;NOR;Lillehammer CK;FE 6;M Senior;34:18.0;8:21.0;2016-06-19T14:44:11.2700000;LILLEHAMMER
47;67;Aleksander;Ødegård;M;NOR;Drammen CK;FE 6;M Senior;34:23.0;8:26.0;2016-06-19T14:47:30.7770000;KONGSBERG
48;64;Kristoffer;Andresen;M;NOR;Drammen CK;FE 6;M Senior;34:45.0;8:48.0;2016-06-19T15:06:53.5980000;Drammen
49;18;Niklas;Halvorsen;M;NOR;KRISTIANSAND S;FE 6;M Senior;34:52.0;8:55.0;2016-06-19T14:42:05.8520000;Kristiansand S
50;105;Knut;Haugen;M;NOR;Lørenskog CK;FE 6;M Senior;35:04.0;9:07.0;2016-06-19T14:31:06.0960000;RASTA
51;85;Andreas Strømsvåg;Francke;M;NOR;IF Frøy;FE 6;M Senior;35:25.0;9:28.0;2016-06-19T15:26:30.2030000;Oslo
51;103;Tom;Ruud;M;NOR;Lillehammer CK;FE 6;M Senior;35:25.0;9:28.0;2016-06-19T14:40:11.1960000;Lillehammer
53;58;Andre;Skutle;M;NOR;Bergen MTB Klubb;FE 6;M Senior;35:36.0;9:39.0;2016-06-19T15:39:09.1560000;RÅDAL
54;55;Leiv;Tvenning;M;NOR;Bergen MTB Klubb;FE 6;M Senior;35:38.0;9:41.0;2016-06-19T15:48:29.4760000;BERGEN
55;21;Stein Inge;Dahle;M;NOR;ÅL;FE 6;M Senior;35:42.0;9:45.0;2016-06-19T15:29:28.9090000;Ål
55;82;Jonas;Olsson;M;NOR;Hemsedal IL Sykkel;FE 6;M Senior;35:42.0;9:45.0;2016-06-19T15:30:37.5930000;HEMSEDAL
57;131;Kristian;Eckhoff;M;NOR;SK Rye sykkel;FE 6;M Senior;35:45.0;9:48.0;2016-06-19T15:23:56.9740000;Oslo
58;89;Eivind;Bjerke;M;NOR;IK Hero;FE 6;M Senior;35:47.0;9:50.0;2016-06-19T15:13:03.2820000;OSLO
59;31;Ernst;Andersen;M;NOR;RAUFOSS;FE 6;M Senior;35:56.0;9:59.0;2016-06-19T15:40:05.2040000;RAUFOSS
59;137;Nicolas Yann;Couturier;M;FRA;SK Rye sykkel;FE 6;M Senior;35:56.0;9:59.0;2016-06-19T15:43:34.9980000;Oslo
61;63;Stian;Lunn;M;NOR;Dampsaga Idrettslag;FE 6;M Senior;36:28.0;10:31.0;2016-06-19T14:40:32.5610000;Lillehammer
62;52;Mads;Øftshus;M;NOR;Bergen MTB Klubb;FE 6;M Senior;36:31.0;10:34.0;2016-06-19T15:33:43.5940000;BERGEN
63;138;Odd Magnus;Guldal;M;NOR;SK Rye sykkel;FE 6;M Senior;36:44.0;10:47.0;2016-06-19T15:32:01.4730000;Oslo
64;7;Stian;Engebretsen;M;NOR;SKEDSMOKORSET;FE 6;M Senior;36:47.0;10:50.0;2016-06-19T15:32:37.9920000;SKEDSMOKORSET
65;60;Knut Erik;Håberget;M;NOR;CK Elverum;FE 6;M Senior;36:51.0;10:54.0;2016-06-19T15:11:34.3240000;Elverum
66;5;Philip Mark;Grimes;M;GBR;ENGER;FE 6;M Senior;36:57.0;11:00.0;2016-06-19T15:10:20.2860000;Enger
67;73;Hallvard;Futterer-Wannebo;M;NOR;Follo SK;FE 6;M Senior;37:25.0;11:28.0;2016-06-19T15:34:28.2910000;ÅS
68;141;Stian;LIE;M;NOR;Sogn CK;FE 6;M Senior;37:26.0;11:29.0;2016-06-19T14:30:36.4530000;SOGNDAL
69;124;Øystein;Flatebø;M;NOR;SK Rye sykkel;FE 6;M Senior;37:27.0;11:30.0;2016-06-19T15:53:41.8360000;OSLO
70;36;Geir;Jørgensen;M;NOR;OSLO;FE 6;M Senior;37:46.0;11:49.0;2016-06-19T15:22:45.8810000;OSLO
71;102;Torjus;Winther;M;NOR;Krokskogen Cykleklubb;FE 6;M Senior;38:08.0;12:11.0;2016-06-19T15:22:17.5090000;Hønefoss
72;149;Jack;Corby;M;GBR;;FE 6;M Senior;38:20.0;12:23.0;2016-06-19T15:14:36.6110000;
73;25;Michael;Elstob;M;GBR;ENGER;FE 6;M Senior;38:25.0;12:28.0;2016-06-19T15:09:41.0430000;Enger
74;147;Georg;Breda;M;NOR;;FE 6;M Senior;38:27.0;12:30.0;2016-06-19T15:29:15.3280000;
75;132;Frode Kristian Møller;Ditlefsen;M;NOR;SK Rye sykkel;FE 6;M Senior;38:58.0;13:01.0;2016-06-19T15:45:45.0990000;Oslo
76;71;Knut Espen;Bryhn;M;NOR;Drøbak-Frogn IL Sykkel;FE 6;M Senior;40:22.0;14:25.0;2016-06-19T15:46:52.4870000;DRØBAK
77;90;Lars Krogstad;Lien;M;NOR;IK Hero;FE 6;M Senior;40:26.0;14:29.0;2016-06-19T15:14:11.5760000;OSLO
78;130;Håvard;Arnstad;M;NOR;SK Rye sykkel;FE 6;M Senior;40:43.0;14:46.0;2016-06-19T15:50:59.6410000;Oslo
79;62;Sindre;Lidsheim;M;NOR;CK Nittedal;FE 6;M Senior;40:47.0;14:50.0;2016-06-19T15:28:03.7750000;Nittedal
80;110;Fredrik;Arnesen;M;NOR;Moss CK;FE 6;M Senior;40:48.0;14:51.0;2016-06-19T15:46:18.0840000;Moss
81;20;Thomas;Ramstad;M;NOR;NØTTERØY;FE 6;M Senior;40:59.0;15:02.0;2016-06-19T15:23:46.2230000;NØTTERØY
82;10;Carl;Davidson;M;GBR;ENGER;FE 6;M Senior;41:38.0;15:41.0;2016-06-19T15:09:31.8340000;Enger
83;113;David;Gabrielsen;M;NOR;Nesodden SK;FE 6;M Senior;42:09.0;16:12.0;2016-06-19T15:12:15.8970000;FAGERSTRAND
84;47;Martin;Solheim;M;NOR;Benteler BIL;FE 6;M Senior;48:56.0;22:59.0;2016-06-19T14:48:39.0920000;GJØVIK
85;13;Håvard;Mageli;M;NOR;OSLO;FE 6;M Senior;51:01.0;25:04.0;2016-06-19T15:38:31.0250000;OSLO
86;70;Christoffer Engebretsen;Bakke;M;NOR;Drøbak-Frogn IL Sykkel;FE 6;M Senior;0:00.0;;;VESTBY
86;19;Stein Kåre;Øfjord;M;NOR;NITTEDAL;FE 6;M Senior;0:00.0;;;NITTEDAL
86;61;Audun;Rogstadkjærnet;M;NOR;CK Elverum;FE 6;M Senior;0:00.0;;;HERNES
86;150;Bård Sturla;Stokke;M;NOR;Aron SK;FE 6;M Senior;0:00.0;;;OSLO
86;139;Stian;Storm;M;NOR;Snake Oil;FE 6;M Senior;0:00.0;;;OSLO