Startnumber;Firstname;Surname;Gender;Nat;Club;Race;Class;Status;Total Time;Diff Winner;Rank
73;Einar;Frønum;M;NO;Harstad CK;FE1;Menn master;;3:30.8;0:00.0;1
89;Reinis Martins;Prieditis;M;LV;;FE1;Sport menn 24-39;;3:41.0;0:00.0;1
59;Anders;Røkenes;M;NO;Harstad CK;FE1;Menn master;;3:43.4;0:12.6;2
87;Edvard;Vea Iversen;M;NO;Bindal SK;FE1;Sport menn 24-39;;3:45.2;0:04.2;2
32;Mikael;Vold;M;NO;Bodø Terrengsykkelklubb;FE1;Sport menn 24-39;;3:45.5;0:04.5;3
5;Tord;Nese;M;NO;;FE1;Sport menn 24-39;;3:48.8;0:07.8;4
1;Martin;Liane;M;NO;Harstad CK;FE1;Menn master;;3:49.3;0:18.5;3
27;William;Salminen;M;NO;Harstad CK;FE1;Menn master;;3:51.5;0:20.7;4
46;Karl Marius;Brobak;M;NO;Narvik CK;FE1;Sport menn 24-39;;3:54.0;0:13.0;5
36;Vidar;Wensel;M;NO;Senja CK;FE1;Menn master;;3:56.8;0:26.0;5
17;Svein Are;Andreassen;M;NO;;FE1;Menn master;;3:59.5;0:28.7;6
64;Stian;Storeng;M;NO;Harstad CK;FE1;Menn master;;3:59.5;0:28.7;6
63;Ole-Martin;Kjellmo;M;NO;;FE1;Sport menn 24-39;;4:00.0;0:19.0;6
78;Glenn Isak;Henriksen;M;NO;;FE1;Sport menn 24-39;;4:00.5;0:19.5;7
29;Kristoffer;Kristoffersen;M;NO;Senja CK;FE1;Menn master;;4:01.6;0:30.8;8
16;Tore;Joramo;M;NO;;FE1;Sport menn 24-39;;4:06.9;0:25.9;8
20;Fredrik;Leonhardsen;M;NO;;FE1;Sport menn 24-39;;4:07.1;0:26.1;9
91;Frans;Meijers;M;NO;;FE1;Sport menn 24-39;;4:07.8;0:26.8;10
31;Håvard;Torvanger;M;NO;Harstad CK;FE1;Sport menn 24-39;;4:10.4;0:29.4;11
83;Daniel;Rundereim;M;NO;Bratt Sykkelklubb;FE1;Sport menn 24-39;;4:11.0;0:30.0;12
74;Lars A.;Uttakleiv;M;NO;Harstad CK;FE1;Menn master;;4:12.5;0:41.7;9
50;Christoffer Borge;Olsen;M;NO;Aron Sportsklubb;FE1;Sport menn 24-39;;4:12.5;0:31.5;13
4;Rickard;Wessberg;M;SE;;FE1;Sport menn 24-39;;4:14.6;0:33.6;14
44;Anders;S Bråten;M;NO;;FE1;Menn master;;4:18.8;0:48.0;10
48;Håvard;Krey Hansen;M;NO;;FE1;Sport menn 24-39;;4:19.6;0:38.6;15
58;Lars Linaker;Berglund;M;NO;;FE1;Sport menn 24-39;;4:19.9;0:38.9;16
65;Jørn;Hanssen;M;NO;;FE1;Menn master;;4:20.4;0:49.6;11
93;Linda;Butkus;F;LV;;FE1;Sport kvinner 24-39;;4:20.9;0:00.0;1
56;Thomas;Ebeltoft;M;NO;;FE1;Sport menn 24-39;;4:21.3;0:40.3;17
24;Sten Andre;Stenkjær;M;NO;;FE1;Menn master;;4:23.3;0:52.5;12
8;Trond;Kleven;M;NO;Harstad CK;FE1;Menn master;;4:25.3;0:54.5;13
66;Hugo;Pettersen;M;NO;;FE1;Menn master;;4:26.0;0:55.2;14
90;Samuel;Geiseler;M;DE;;FE1;Menn master;;4:32.6;1:01.8;15
33;Ida Kristine;Sletta;F;NO;;FE1;Sport kvinner 24-39;;4:33.4;0:12.5;2
25;Øyvind;Frønum;M;NO;Harstad CK;FE1;Menn master;;4:34.2;1:03.4;16
40;Stian;Hallén;M;NO;;FE1;Sport menn 24-39;;4:35.5;0:54.5;18
19;Birk;Selquist;M;NO;Harstad CK;FE1;Sport menn 24-39;;4:35.5;0:54.5;18
62;Louise;Engan;F;NO;Bodø Terrengsykkelklubb;FE1;Kvinner master;;4:35.8;0:00.0;1
13;Andre;Olsen;M;NO;;FE1;Sport menn 24-39;;4:36.6;0:55.6;20
22;Bjørn-Ståle;Larsen;M;NO;Lofoten Ekstremsportklubb;FE1;Menn master;;4:37.1;1:06.3;17
21;Lars-Erik M.;Solheim;M;NO;;FE1;Menn master;;4:41.5;1:10.7;18
86;Jonas;Aksmo;M;NO;Lofoten Ekstremsportklubb;FE1;Menn master;;4:41.5;1:10.7;18
52;Jesper;Stattin;M;NO;Harstad CK;FE1;Menn 17-23;;4:44.1;0:00.0;1
67;May Kristin;Vespestad;F;NO;;FE1;Kvinner master;;4:45.0;0:09.2;2
69;Finn;Kuntze;M;NO;Harstad CK;FE1;Menn master;;4:46.1;1:15.3;20
15;Siv;Kristoffersen;F;NO;Harstad CK;FE1;Sport kvinner 24-39;;4:46.2;0:25.3;3
80;Gaute;Løvfall;M;NO;Harstad CK;FE1;Sport menn 24-39;;4:47.1;1:06.1;21
53;Peter;Nilsson;M;SE;Vesterålen SK;FE1;Menn master;;4:49.2;1:18.4;21
7;Thomas;Backer-Grøndahl;M;NO;;FE1;Sport menn 24-39;;4:52.3;1:11.3;22
76;Marius;Markussen;M;NO;;FE1;Sport menn 24-39;;4:53.3;1:12.3;23
47;Sondre;Exposito Holmen;M;NO;;FE1;Sport menn 24-39;;4:58.2;1:17.2;24
38;Roger;Berge;M;NO;;FE1;Sport menn 24-39;;5:04.7;1:23.7;25
34;Jahn-Erik;Solheim;M;NO;;FE1;Menn master;;5:05.4;1:34.6;22
43;Eirik;Djønne;M;NO;;FE1;Sport menn 24-39;;5:11.0;1:30.0;26
30;Stine;Grønås;F;NO;;FE1;Sport kvinner 24-39;;5:14.0;0:53.1;4
10;Emil;Lerdahl;M;NO;Harstad CK;FE1;Menn master;;5:15.6;1:44.8;23
37;Merrick;Mordal;F;NO;;FE1;Sport kvinner 24-39;;5:20.3;0:59.4;5
49;Madeleine;Lagergren;F;NO;;FE1;Kvinner master;;5:22.8;0:47.0;3
26;Pål-Gunnar;Skog;M;NO;;FE1;Menn 17-23;;5:29.7;0:45.6;2
88;Kjersti;Hervik;F;NO;;FE1;Kvinner master;;5:35.6;0:59.8;4
75;Trym;Slyngstad;M;NO;;FE1;Sport menn 24-39;;5:37.0;1:56.0;27
28;Paul;Silester;M;NO;;FE1;Menn master;;5:44.1;2:13.3;24
11;Ingeborg Lund;Mathisen;F;NO;;FE1;Sport kvinner 24-39;;5:47.6;1:26.7;6
60;Bent;Ebeltoft;M;NO;Vesterålen SK;FE1;Menn master;;6:13.7;2:42.9;25
85;Aurelia;Schwesinger;F;DE;;FE1;Sport kvinner 24-39;;7:17.8;2:56.9;7
55;Rikke Øien;Lillefuhr;F;NO;Narvik CK;FE1;Sport kvinner 24-39;;8:01.1;3:40.2;8
72;Irene;Hølmo;F;NO;Harstad CK;FE1;Sport kvinner 24-39;;33:45.0;29:24.1;9
124;Testrytter;Sikkerhet;M;NO;Harstad CK;FE1;Menn master;;10:31.6;7:00.8;26
51;Martin;Aasen;M;NO;;FE1;Sport menn 24-39;DNS;0:00.0;3:41.0;28
82;Marianne;Selsøyvold;F;NO;;FE1;Sport kvinner 24-39;DNS;0:00.0;4:20.9;10
35;Ole Morten;Tunes;M;NO;Harstad CK;FE1;Menn master;DNS;0:00.0;3:30.8;27
79;Martin;Klette;M;NO;Bodø CK;FE1;Sport menn 24-39;DNS;0:00.0;3:41.0;28
68;Yngve;Rogstadkjærnet;M;NO;Lofoten Ekstremsportklubb;FE1;Sport menn 24-39;DNS;0:00.0;3:41.0;28
23;Sigurd;Friborg;M;NO;;FE1;Sport menn 24-39;DNS;0:00.0;3:41.0;28
14;Anders;Jensen;M;NO;;FE1;Sport menn 24-39;DNS;0:00.0;3:41.0;28
41;Simen Harila;Bye;M;NO;;FE1;Sport menn 24-39;DNS;0:00.0;3:41.0;28
70;Matthew;Wheeldon;M;NO;;FE1;Menn master;DNS;0:00.0;3:30.8;27
57;Lars;Gabrielsen;M;NO;;FE1;Menn master;DNS;0:00.0;3:30.8;27
92;Armands;Zarins;M;LV;;FE1;Sport menn 24-39;DNS;0:00.0;3:41.0;28
84;Ida Elise;Høgstad;F;NO;;FE1;Sport kvinner 24-39;DNS;0:00.0;4:20.9;10
81;Joar;Nilsen;M;NO;;FE1;Menn master;DNS;0:00.0;3:30.8;27
9;Karin;Pehrson;F;SE;;FE1;Sport kvinner 24-39;DNS;0:00.0;4:20.9;10
71;Arnt Ola;Skjerve;M;NO;Sunnan CK;FE1;Menn master;DNS;0:00.0;3:30.8;27
2;Torben;Havstein;M;NO;;FE1;Sport menn 24-39;DNS;0:00.0;3:41.0;28
45;Espen Henriksen;Harper;M;NO;;FE1;Sport menn 24-39;DNS;0:00.0;3:41.0;28
54;Kirsti;Seljenes;F;NO;;FE1;Sport kvinner 24-39;DNS;0:00.0;4:20.9;10
12;Gjøran;Sommarset;M;NO;Harstad CK;FE1;Menn master;DNS;0:00.0;3:30.8;27
39;Stian Kristoffer;Evensen;M;NO;Harstad CK;FE1;Menn master;DNS;0:00.0;3:30.8;27
61;Sigurd Salberg;Pedersen;M;NO;;FE1;Sport menn 24-39;DNS;0:00.0;3:41.0;28
42;Iselin;Kaspersen;F;NO;;FE1;Sport kvinner 24-39;DNS;0:00.0;4:20.9;10
3;Espen;Karlsen;M;NO;;FE1;Sport menn 24-39;DNS;0:00.0;3:41.0;28
6;Truls;Nystad;M;NO;;FE1;Menn master;DNS;0:00.0;3:30.8;27
18;Bjørn-Tore;Wik;M;NO;Harstad CK;FE1;Sport menn 24-39;DNS;0:00.0;3:41.0;28
77;Fred;Olsen;M;NO;Harstad CK;FE1;Menn master;DNS;0:00.0;3:30.8;27
89;Reinis Martins;Prieditis;M;LV;;FE2;Sport menn 24-39;;3:02.0;0:00.0;1
59;Anders;Røkenes;M;NO;Harstad CK;FE2;Menn master;;3:03.1;0:00.0;1
87;Edvard;Vea Iversen;M;NO;Bindal SK;FE2;Sport menn 24-39;;3:05.4;0:03.4;2
73;Einar;Frønum;M;NO;Harstad CK;FE2;Menn master;;3:05.7;0:02.6;2
32;Mikael;Vold;M;NO;Bodø Terrengsykkelklubb;FE2;Sport menn 24-39;;3:07.9;0:05.9;3
5;Tord;Nese;M;NO;;FE2;Sport menn 24-39;;3:13.6;0:11.6;4
36;Vidar;Wensel;M;NO;Senja CK;FE2;Menn master;;3:18.8;0:15.7;3
27;William;Salminen;M;NO;Harstad CK;FE2;Menn master;;3:18.9;0:15.8;4
78;Glenn Isak;Henriksen;M;NO;;FE2;Sport menn 24-39;;3:20.7;0:18.7;5
64;Stian;Storeng;M;NO;Harstad CK;FE2;Menn master;;3:21.1;0:18.0;5
83;Daniel;Rundereim;M;NO;Bratt Sykkelklubb;FE2;Sport menn 24-39;;3:24.7;0:22.7;6
58;Lars Linaker;Berglund;M;NO;;FE2;Sport menn 24-39;;3:25.9;0:23.9;7
63;Ole-Martin;Kjellmo;M;NO;;FE2;Sport menn 24-39;;3:26.3;0:24.3;8
46;Karl Marius;Brobak;M;NO;Narvik CK;FE2;Sport menn 24-39;;3:26.3;0:24.3;8
74;Lars A.;Uttakleiv;M;NO;Harstad CK;FE2;Menn master;;3:32.0;0:28.9;6
91;Frans;Meijers;M;NO;;FE2;Sport menn 24-39;;3:35.8;0:33.8;10
16;Tore;Joramo;M;NO;;FE2;Sport menn 24-39;;3:36.6;0:34.6;11
66;Hugo;Pettersen;M;NO;;FE2;Menn master;;3:36.9;0:33.8;7
4;Rickard;Wessberg;M;SE;;FE2;Sport menn 24-39;;3:37.4;0:35.4;12
20;Fredrik;Leonhardsen;M;NO;;FE2;Sport menn 24-39;;3:37.6;0:35.6;13
24;Sten Andre;Stenkjær;M;NO;;FE2;Menn master;;3:38.0;0:34.9;8
50;Christoffer Borge;Olsen;M;NO;Aron Sportsklubb;FE2;Sport menn 24-39;;3:38.2;0:36.2;14
48;Håvard;Krey Hansen;M;NO;;FE2;Sport menn 24-39;;3:39.1;0:37.1;15
31;Håvard;Torvanger;M;NO;Harstad CK;FE2;Sport menn 24-39;;3:39.1;0:37.1;15
19;Birk;Selquist;M;NO;Harstad CK;FE2;Sport menn 24-39;;3:40.9;0:38.9;17
13;Andre;Olsen;M;NO;;FE2;Sport menn 24-39;;3:41.7;0:39.7;18
56;Thomas;Ebeltoft;M;NO;;FE2;Sport menn 24-39;;3:42.2;0:40.2;19
93;Linda;Butkus;F;LV;;FE2;Sport kvinner 24-39;;3:43.1;0:00.0;1
29;Kristoffer;Kristoffersen;M;NO;Senja CK;FE2;Menn master;;3:43.4;0:40.3;9
1;Martin;Liane;M;NO;Harstad CK;FE2;Menn master;;3:49.6;0:46.5;10
62;Louise;Engan;F;NO;Bodø Terrengsykkelklubb;FE2;Kvinner master;;3:53.3;0:00.0;1
44;Anders;S Bråten;M;NO;;FE2;Menn master;;3:56.6;0:53.5;11
90;Samuel;Geiseler;M;DE;;FE2;Menn master;;3:57.6;0:54.5;12
33;Ida Kristine;Sletta;F;NO;;FE2;Sport kvinner 24-39;;3:58.5;0:15.4;2
25;Øyvind;Frønum;M;NO;Harstad CK;FE2;Menn master;;3:59.1;0:56.0;13
8;Trond;Kleven;M;NO;Harstad CK;FE2;Menn master;;3:59.2;0:56.1;14
21;Lars-Erik M.;Solheim;M;NO;;FE2;Menn master;;4:00.4;0:57.3;15
22;Bjørn-Ståle;Larsen;M;NO;Lofoten Ekstremsportklubb;FE2;Menn master;;4:00.9;0:57.8;16
47;Sondre;Exposito Holmen;M;NO;;FE2;Sport menn 24-39;;4:02.7;1:00.7;20
40;Stian;Hallén;M;NO;;FE2;Sport menn 24-39;;4:05.1;1:03.1;21
15;Siv;Kristoffersen;F;NO;Harstad CK;FE2;Sport kvinner 24-39;;4:08.3;0:25.2;3
52;Jesper;Stattin;M;NO;Harstad CK;FE2;Menn 17-23;;4:13.5;0:00.0;1
86;Jonas;Aksmo;M;NO;Lofoten Ekstremsportklubb;FE2;Menn master;;4:15.9;1:12.8;17
38;Roger;Berge;M;NO;;FE2;Sport menn 24-39;;4:17.3;1:15.3;22
75;Trym;Slyngstad;M;NO;;FE2;Sport menn 24-39;;4:18.7;1:16.7;23
49;Madeleine;Lagergren;F;NO;;FE2;Kvinner master;;4:18.7;0:25.4;2
69;Finn;Kuntze;M;NO;Harstad CK;FE2;Menn master;;4:20.1;1:17.0;18
72;Irene;Hølmo;F;NO;Harstad CK;FE2;Sport kvinner 24-39;;4:20.9;0:37.8;4
80;Gaute;Løvfall;M;NO;Harstad CK;FE2;Sport menn 24-39;;4:22.0;1:20.0;24
43;Eirik;Djønne;M;NO;;FE2;Sport menn 24-39;;4:22.0;1:20.0;24
67;May Kristin;Vespestad;F;NO;;FE2;Kvinner master;;4:27.2;0:33.9;3
65;Jørn;Hanssen;M;NO;;FE2;Menn master;;4:29.8;1:26.7;19
34;Jahn-Erik;Solheim;M;NO;;FE2;Menn master;;4:30.1;1:27.0;20
7;Thomas;Backer-Grøndahl;M;NO;;FE2;Sport menn 24-39;;4:30.6;1:28.6;26
10;Emil;Lerdahl;M;NO;Harstad CK;FE2;Menn master;;4:32.0;1:28.9;21
76;Marius;Markussen;M;NO;;FE2;Sport menn 24-39;;4:35.5;1:33.5;27
53;Peter;Nilsson;M;SE;Vesterålen SK;FE2;Menn master;;4:45.1;1:42.0;22
37;Merrick;Mordal;F;NO;;FE2;Sport kvinner 24-39;;4:50.9;1:07.8;5
60;Bent;Ebeltoft;M;NO;Vesterålen SK;FE2;Menn master;;5:01.9;1:58.8;23
30;Stine;Grønås;F;NO;;FE2;Sport kvinner 24-39;;5:04.1;1:21.0;6
88;Kjersti;Hervik;F;NO;;FE2;Kvinner master;;5:07.4;1:14.1;4
28;Paul;Silester;M;NO;;FE2;Menn master;;5:17.6;2:14.5;24
11;Ingeborg Lund;Mathisen;F;NO;;FE2;Sport kvinner 24-39;;5:43.0;1:59.9;7
26;Pål-Gunnar;Skog;M;NO;;FE2;Menn 17-23;;5:49.6;1:36.1;2
85;Aurelia;Schwesinger;F;DE;;FE2;Sport kvinner 24-39;;6:59.1;3:16.0;8
55;Rikke Øien;Lillefuhr;F;NO;Narvik CK;FE2;Sport kvinner 24-39;;8:07.3;4:24.2;9
124;Testrytter;Sikkerhet;M;NO;Harstad CK;FE2;Menn master;;0:00.0;3:03.1;25
17;Svein Are;Andreassen;M;NO;;FE2;Menn master;DNF;0:00.0;3:03.1;26
70;Matthew;Wheeldon;M;NO;;FE2;Menn master;DNS;0:00.0;3:03.1;27
71;Arnt Ola;Skjerve;M;NO;Sunnan CK;FE2;Menn master;DNS;0:00.0;3:03.1;27
9;Karin;Pehrson;F;SE;;FE2;Sport kvinner 24-39;DNS;0:00.0;3:43.1;10
68;Yngve;Rogstadkjærnet;M;NO;Lofoten Ekstremsportklubb;FE2;Sport menn 24-39;DNS;0:00.0;3:02.0;28
2;Torben;Havstein;M;NO;;FE2;Sport menn 24-39;DNS;0:00.0;3:02.0;28
79;Martin;Klette;M;NO;Bodø CK;FE2;Sport menn 24-39;DNS;0:00.0;3:02.0;28
12;Gjøran;Sommarset;M;NO;Harstad CK;FE2;Menn master;DNS;0:00.0;3:03.1;27
35;Ole Morten;Tunes;M;NO;Harstad CK;FE2;Menn master;DNS;0:00.0;3:03.1;27
81;Joar;Nilsen;M;NO;;FE2;Menn master;DNS;0:00.0;3:03.1;27
92;Armands;Zarins;M;LV;;FE2;Sport menn 24-39;DNS;0:00.0;3:02.0;28
84;Ida Elise;Høgstad;F;NO;;FE2;Sport kvinner 24-39;DNS;0:00.0;3:43.1;10
41;Simen Harila;Bye;M;NO;;FE2;Sport menn 24-39;DNS;0:00.0;3:02.0;28
61;Sigurd Salberg;Pedersen;M;NO;;FE2;Sport menn 24-39;DNS;0:00.0;3:02.0;28
14;Anders;Jensen;M;NO;;FE2;Sport menn 24-39;DNS;0:00.0;3:02.0;28
51;Martin;Aasen;M;NO;;FE2;Sport menn 24-39;DNS;0:00.0;3:02.0;28
39;Stian Kristoffer;Evensen;M;NO;Harstad CK;FE2;Menn master;DNS;0:00.0;3:03.1;27
3;Espen;Karlsen;M;NO;;FE2;Sport menn 24-39;DNS;0:00.0;3:02.0;28
18;Bjørn-Tore;Wik;M;NO;Harstad CK;FE2;Sport menn 24-39;DNS;0:00.0;3:02.0;28
54;Kirsti;Seljenes;F;NO;;FE2;Sport kvinner 24-39;DNS;0:00.0;3:43.1;10
23;Sigurd;Friborg;M;NO;;FE2;Sport menn 24-39;DNS;0:00.0;3:02.0;28
82;Marianne;Selsøyvold;F;NO;;FE2;Sport kvinner 24-39;DNS;0:00.0;3:43.1;10
45;Espen Henriksen;Harper;M;NO;;FE2;Sport menn 24-39;DNS;0:00.0;3:02.0;28
57;Lars;Gabrielsen;M;NO;;FE2;Menn master;DNS;0:00.0;3:03.1;27
42;Iselin;Kaspersen;F;NO;;FE2;Sport kvinner 24-39;DNS;0:00.0;3:43.1;10
6;Truls;Nystad;M;NO;;FE2;Menn master;DNS;0:00.0;3:03.1;27
77;Fred;Olsen;M;NO;Harstad CK;FE2;Menn master;DNS;0:00.0;3:03.1;27
89;Reinis Martins;Prieditis;M;LV;;FE3;Sport menn 24-39;;4:06.2;0:00.0;1
73;Einar;Frønum;M;NO;Harstad CK;FE3;Menn master;;4:10.8;0:00.0;1
87;Edvard;Vea Iversen;M;NO;Bindal SK;FE3;Sport menn 24-39;;4:15.0;0:08.8;2
59;Anders;Røkenes;M;NO;Harstad CK;FE3;Menn master;;4:15.8;0:05.0;2
5;Tord;Nese;M;NO;;FE3;Sport menn 24-39;;4:23.9;0:17.7;3
78;Glenn Isak;Henriksen;M;NO;;FE3;Sport menn 24-39;;4:25.4;0:19.2;4
32;Mikael;Vold;M;NO;Bodø Terrengsykkelklubb;FE3;Sport menn 24-39;;4:27.2;0:21.0;5
36;Vidar;Wensel;M;NO;Senja CK;FE3;Menn master;;4:30.3;0:19.5;3
50;Christoffer Borge;Olsen;M;NO;Aron Sportsklubb;FE3;Sport menn 24-39;;4:31.3;0:25.1;6
27;William;Salminen;M;NO;Harstad CK;FE3;Menn master;;4:32.0;0:21.2;4
20;Fredrik;Leonhardsen;M;NO;;FE3;Sport menn 24-39;;4:32.4;0:26.2;7
46;Karl Marius;Brobak;M;NO;Narvik CK;FE3;Sport menn 24-39;;4:33.1;0:26.9;8
64;Stian;Storeng;M;NO;Harstad CK;FE3;Menn master;;4:33.2;0:22.4;5
1;Martin;Liane;M;NO;Harstad CK;FE3;Menn master;;4:36.1;0:25.3;6
91;Frans;Meijers;M;NO;;FE3;Sport menn 24-39;;4:37.0;0:30.8;9
83;Daniel;Rundereim;M;NO;Bratt Sykkelklubb;FE3;Sport menn 24-39;;4:37.9;0:31.7;10
63;Ole-Martin;Kjellmo;M;NO;;FE3;Sport menn 24-39;;4:39.9;0:33.7;11
29;Kristoffer;Kristoffersen;M;NO;Senja CK;FE3;Menn master;;4:40.5;0:29.7;7
24;Sten Andre;Stenkjær;M;NO;;FE3;Menn master;;4:44.4;0:33.6;8
74;Lars A.;Uttakleiv;M;NO;Harstad CK;FE3;Menn master;;4:44.7;0:33.9;9
31;Håvard;Torvanger;M;NO;Harstad CK;FE3;Sport menn 24-39;;4:45.3;0:39.1;12
4;Rickard;Wessberg;M;SE;;FE3;Sport menn 24-39;;4:48.3;0:42.1;13
58;Lars Linaker;Berglund;M;NO;;FE3;Sport menn 24-39;;4:48.7;0:42.5;14
16;Tore;Joramo;M;NO;;FE3;Sport menn 24-39;;4:50.3;0:44.1;15
48;Håvard;Krey Hansen;M;NO;;FE3;Sport menn 24-39;;4:54.5;0:48.3;16
13;Andre;Olsen;M;NO;;FE3;Sport menn 24-39;;4:56.8;0:50.6;17
8;Trond;Kleven;M;NO;Harstad CK;FE3;Menn master;;4:59.3;0:48.5;10
22;Bjørn-Ståle;Larsen;M;NO;Lofoten Ekstremsportklubb;FE3;Menn master;;5:00.4;0:49.6;11
19;Birk;Selquist;M;NO;Harstad CK;FE3;Sport menn 24-39;;5:01.7;0:55.5;18
93;Linda;Butkus;F;LV;;FE3;Sport kvinner 24-39;;5:02.1;0:00.0;1
25;Øyvind;Frønum;M;NO;Harstad CK;FE3;Menn master;;5:02.4;0:51.6;12
44;Anders;S Bråten;M;NO;;FE3;Menn master;;5:03.4;0:52.6;13
56;Thomas;Ebeltoft;M;NO;;FE3;Sport menn 24-39;;5:04.2;0:58.0;19
90;Samuel;Geiseler;M;DE;;FE3;Menn master;;5:07.0;0:56.2;14
40;Stian;Hallén;M;NO;;FE3;Sport menn 24-39;;5:08.8;1:02.6;20
66;Hugo;Pettersen;M;NO;;FE3;Menn master;;5:08.9;0:58.1;15
21;Lars-Erik M.;Solheim;M;NO;;FE3;Menn master;;5:10.4;0:59.6;16
80;Gaute;Løvfall;M;NO;Harstad CK;FE3;Sport menn 24-39;;5:11.4;1:05.2;21
33;Ida Kristine;Sletta;F;NO;;FE3;Sport kvinner 24-39;;5:13.3;0:11.2;2
86;Jonas;Aksmo;M;NO;Lofoten Ekstremsportklubb;FE3;Menn master;;5:16.3;1:05.5;17
62;Louise;Engan;F;NO;Bodø Terrengsykkelklubb;FE3;Kvinner master;;5:18.0;0:00.0;1
65;Jørn;Hanssen;M;NO;;FE3;Menn master;;5:18.5;1:07.7;18
15;Siv;Kristoffersen;F;NO;Harstad CK;FE3;Sport kvinner 24-39;;5:19.4;0:17.3;3
38;Roger;Berge;M;NO;;FE3;Sport menn 24-39;;5:22.9;1:16.7;22
34;Jahn-Erik;Solheim;M;NO;;FE3;Menn master;;5:27.4;1:16.6;19
7;Thomas;Backer-Grøndahl;M;NO;;FE3;Sport menn 24-39;;5:27.9;1:21.7;23
43;Eirik;Djønne;M;NO;;FE3;Sport menn 24-39;;5:31.2;1:25.0;24
52;Jesper;Stattin;M;NO;Harstad CK;FE3;Menn 17-23;;5:33.4;0:00.0;1
47;Sondre;Exposito Holmen;M;NO;;FE3;Sport menn 24-39;;5:34.0;1:27.8;25
53;Peter;Nilsson;M;SE;Vesterålen SK;FE3;Menn master;;5:35.4;1:24.6;20
75;Trym;Slyngstad;M;NO;;FE3;Sport menn 24-39;;5:37.5;1:31.3;26
69;Finn;Kuntze;M;NO;Harstad CK;FE3;Menn master;;5:38.6;1:27.8;21
10;Emil;Lerdahl;M;NO;Harstad CK;FE3;Menn master;;5:39.1;1:28.3;22
67;May Kristin;Vespestad;F;NO;;FE3;Kvinner master;;5:41.6;0:23.6;2
76;Marius;Markussen;M;NO;;FE3;Sport menn 24-39;;5:42.1;1:35.9;27
49;Madeleine;Lagergren;F;NO;;FE3;Kvinner master;;5:42.9;0:24.9;3
37;Merrick;Mordal;F;NO;;FE3;Sport kvinner 24-39;;5:48.4;0:46.3;4
72;Irene;Hølmo;F;NO;Harstad CK;FE3;Sport kvinner 24-39;;5:56.1;0:54.0;5
30;Stine;Grønås;F;NO;;FE3;Sport kvinner 24-39;;5:59.9;0:57.8;6
28;Paul;Silester;M;NO;;FE3;Menn master;;6:17.7;2:06.9;23
88;Kjersti;Hervik;F;NO;;FE3;Kvinner master;;6:24.8;1:06.8;4
26;Pål-Gunnar;Skog;M;NO;;FE3;Menn 17-23;;6:26.8;0:53.4;2
11;Ingeborg Lund;Mathisen;F;NO;;FE3;Sport kvinner 24-39;;6:35.6;1:33.5;7
60;Bent;Ebeltoft;M;NO;Vesterålen SK;FE3;Menn master;;6:37.4;2:26.6;24
85;Aurelia;Schwesinger;F;DE;;FE3;Sport kvinner 24-39;;8:18.8;3:16.7;8
55;Rikke Øien;Lillefuhr;F;NO;Narvik CK;FE3;Sport kvinner 24-39;;9:48.9;4:46.8;9
77;Fred;Olsen;M;NO;Harstad CK;FE3;Menn master;;0:00.0;4:10.8;25
124;Testrytter;Sikkerhet;M;NO;Harstad CK;FE3;Menn master;;8:30.5;4:19.7;26
61;Sigurd Salberg;Pedersen;M;NO;;FE3;Sport menn 24-39;DNS;0:00.0;4:06.2;28
42;Iselin;Kaspersen;F;NO;;FE3;Sport kvinner 24-39;DNS;0:00.0;5:02.1;10
51;Martin;Aasen;M;NO;;FE3;Sport menn 24-39;DNS;0:00.0;4:06.2;28
81;Joar;Nilsen;M;NO;;FE3;Menn master;DNS;0:00.0;4:10.8;27
3;Espen;Karlsen;M;NO;;FE3;Sport menn 24-39;DNS;0:00.0;4:06.2;28
92;Armands;Zarins;M;LV;;FE3;Sport menn 24-39;DNS;0:00.0;4:06.2;28
41;Simen Harila;Bye;M;NO;;FE3;Sport menn 24-39;DNS;0:00.0;4:06.2;28
23;Sigurd;Friborg;M;NO;;FE3;Sport menn 24-39;DNS;0:00.0;4:06.2;28
57;Lars;Gabrielsen;M;NO;;FE3;Menn master;DNS;0:00.0;4:10.8;27
14;Anders;Jensen;M;NO;;FE3;Sport menn 24-39;DNS;0:00.0;4:06.2;28
79;Martin;Klette;M;NO;Bodø CK;FE3;Sport menn 24-39;DNS;0:00.0;4:06.2;28
9;Karin;Pehrson;F;SE;;FE3;Sport kvinner 24-39;DNS;0:00.0;5:02.1;10
18;Bjørn-Tore;Wik;M;NO;Harstad CK;FE3;Sport menn 24-39;DNS;0:00.0;4:06.2;28
71;Arnt Ola;Skjerve;M;NO;Sunnan CK;FE3;Menn master;DNS;0:00.0;4:10.8;27
17;Svein Are;Andreassen;M;NO;;FE3;Menn master;DNS;0:00.0;4:10.8;27
82;Marianne;Selsøyvold;F;NO;;FE3;Sport kvinner 24-39;DNS;0:00.0;5:02.1;10
2;Torben;Havstein;M;NO;;FE3;Sport menn 24-39;DNS;0:00.0;4:06.2;28
45;Espen Henriksen;Harper;M;NO;;FE3;Sport menn 24-39;DNS;0:00.0;4:06.2;28
6;Truls;Nystad;M;NO;;FE3;Menn master;DNS;0:00.0;4:10.8;27
12;Gjøran;Sommarset;M;NO;Harstad CK;FE3;Menn master;DNS;0:00.0;4:10.8;27
68;Yngve;Rogstadkjærnet;M;NO;Lofoten Ekstremsportklubb;FE3;Sport menn 24-39;DNS;0:00.0;4:06.2;28
84;Ida Elise;Høgstad;F;NO;;FE3;Sport kvinner 24-39;DNS;0:00.0;5:02.1;10
70;Matthew;Wheeldon;M;NO;;FE3;Menn master;DNS;0:00.0;4:10.8;27
35;Ole Morten;Tunes;M;NO;Harstad CK;FE3;Menn master;DNS;0:00.0;4:10.8;27
89;Reinis Martins;Prieditis;M;LV;;FE4;Sport menn 24-39;;3:15.3;0:00.0;1
73;Einar;Frønum;M;NO;Harstad CK;FE4;Menn master;;3:15.4;0:00.0;1
59;Anders;Røkenes;M;NO;Harstad CK;FE4;Menn master;;3:16.4;0:01.0;2
87;Edvard;Vea Iversen;M;NO;Bindal SK;FE4;Sport menn 24-39;;3:18.0;0:02.7;2
5;Tord;Nese;M;NO;;FE4;Sport menn 24-39;;3:21.5;0:06.2;3
32;Mikael;Vold;M;NO;Bodø Terrengsykkelklubb;FE4;Sport menn 24-39;;3:24.7;0:09.4;4
36;Vidar;Wensel;M;NO;Senja CK;FE4;Menn master;;3:25.0;0:09.6;3
1;Martin;Liane;M;NO;Harstad CK;FE4;Menn master;;3:28.3;0:12.9;4
27;William;Salminen;M;NO;Harstad CK;FE4;Menn master;;3:30.2;0:14.8;5
64;Stian;Storeng;M;NO;Harstad CK;FE4;Menn master;;3:32.3;0:16.9;6
46;Karl Marius;Brobak;M;NO;Narvik CK;FE4;Sport menn 24-39;;3:33.6;0:18.3;5
50;Christoffer Borge;Olsen;M;NO;Aron Sportsklubb;FE4;Sport menn 24-39;;3:36.8;0:21.5;6
63;Ole-Martin;Kjellmo;M;NO;;FE4;Sport menn 24-39;;3:37.3;0:22.0;7
91;Frans;Meijers;M;NO;;FE4;Sport menn 24-39;;3:37.8;0:22.5;8
83;Daniel;Rundereim;M;NO;Bratt Sykkelklubb;FE4;Sport menn 24-39;;3:38.9;0:23.6;9
31;Håvard;Torvanger;M;NO;Harstad CK;FE4;Sport menn 24-39;;3:39.1;0:23.8;10
4;Rickard;Wessberg;M;SE;;FE4;Sport menn 24-39;;3:41.0;0:25.7;11
29;Kristoffer;Kristoffersen;M;NO;Senja CK;FE4;Menn master;;3:41.6;0:26.2;7
48;Håvard;Krey Hansen;M;NO;;FE4;Sport menn 24-39;;3:43.2;0:27.9;12
20;Fredrik;Leonhardsen;M;NO;;FE4;Sport menn 24-39;;3:46.1;0:30.8;13
44;Anders;S Bråten;M;NO;;FE4;Menn master;;3:48.8;0:33.4;8
24;Sten Andre;Stenkjær;M;NO;;FE4;Menn master;;3:50.0;0:34.6;9
56;Thomas;Ebeltoft;M;NO;;FE4;Sport menn 24-39;;3:53.3;0:38.0;14
78;Glenn Isak;Henriksen;M;NO;;FE4;Sport menn 24-39;;3:54.2;0:38.9;15
16;Tore;Joramo;M;NO;;FE4;Sport menn 24-39;;3:54.3;0:39.0;16
80;Gaute;Løvfall;M;NO;Harstad CK;FE4;Sport menn 24-39;;3:54.5;0:39.2;17
40;Stian;Hallén;M;NO;;FE4;Sport menn 24-39;;4:01.6;0:46.3;18
74;Lars A.;Uttakleiv;M;NO;Harstad CK;FE4;Menn master;;4:02.2;0:46.8;10
93;Linda;Butkus;F;LV;;FE4;Sport kvinner 24-39;;4:02.6;0:00.0;1
58;Lars Linaker;Berglund;M;NO;;FE4;Sport menn 24-39;;4:03.0;0:47.7;19
90;Samuel;Geiseler;M;DE;;FE4;Menn master;;4:03.0;0:47.6;11
19;Birk;Selquist;M;NO;Harstad CK;FE4;Sport menn 24-39;;4:03.5;0:48.2;20
21;Lars-Erik M.;Solheim;M;NO;;FE4;Menn master;;4:05.3;0:49.9;12
22;Bjørn-Ståle;Larsen;M;NO;Lofoten Ekstremsportklubb;FE4;Menn master;;4:05.5;0:50.1;13
34;Jahn-Erik;Solheim;M;NO;;FE4;Menn master;;4:05.7;0:50.3;14
66;Hugo;Pettersen;M;NO;;FE4;Menn master;;4:09.2;0:53.8;15
25;Øyvind;Frønum;M;NO;Harstad CK;FE4;Menn master;;4:09.4;0:54.0;16
62;Louise;Engan;F;NO;Bodø Terrengsykkelklubb;FE4;Kvinner master;;4:09.8;0:00.0;1
52;Jesper;Stattin;M;NO;Harstad CK;FE4;Menn 17-23;;4:10.0;0:00.0;1
65;Jørn;Hanssen;M;NO;;FE4;Menn master;;4:11.0;0:55.6;17
33;Ida Kristine;Sletta;F;NO;;FE4;Sport kvinner 24-39;;4:12.7;0:10.1;2
8;Trond;Kleven;M;NO;Harstad CK;FE4;Menn master;;4:12.9;0:57.5;18
38;Roger;Berge;M;NO;;FE4;Sport menn 24-39;;4:13.3;0:58.0;21
7;Thomas;Backer-Grøndahl;M;NO;;FE4;Sport menn 24-39;;4:13.9;0:58.6;22
75;Trym;Slyngstad;M;NO;;FE4;Sport menn 24-39;;4:17.3;1:02.0;23
10;Emil;Lerdahl;M;NO;Harstad CK;FE4;Menn master;;4:17.8;1:02.4;19
43;Eirik;Djønne;M;NO;;FE4;Sport menn 24-39;;4:17.8;1:02.5;24
86;Jonas;Aksmo;M;NO;Lofoten Ekstremsportklubb;FE4;Menn master;;4:20.8;1:05.4;20
67;May Kristin;Vespestad;F;NO;;FE4;Kvinner master;;4:21.7;0:11.9;2
76;Marius;Markussen;M;NO;;FE4;Sport menn 24-39;;4:23.2;1:07.9;25
47;Sondre;Exposito Holmen;M;NO;;FE4;Sport menn 24-39;;4:23.8;1:08.5;26
13;Andre;Olsen;M;NO;;FE4;Sport menn 24-39;;4:25.2;1:09.9;27
72;Irene;Hølmo;F;NO;Harstad CK;FE4;Sport kvinner 24-39;;4:25.5;0:22.9;3
53;Peter;Nilsson;M;SE;Vesterålen SK;FE4;Menn master;;4:29.1;1:13.7;21
15;Siv;Kristoffersen;F;NO;Harstad CK;FE4;Sport kvinner 24-39;;4:32.7;0:30.1;4
49;Madeleine;Lagergren;F;NO;;FE4;Kvinner master;;4:36.3;0:26.5;3
37;Merrick;Mordal;F;NO;;FE4;Sport kvinner 24-39;;4:42.5;0:39.9;5
69;Finn;Kuntze;M;NO;Harstad CK;FE4;Menn master;;4:45.7;1:30.3;22
88;Kjersti;Hervik;F;NO;;FE4;Kvinner master;;4:53.8;0:44.0;4
28;Paul;Silester;M;NO;;FE4;Menn master;;4:59.8;1:44.4;23
30;Stine;Grønås;F;NO;;FE4;Sport kvinner 24-39;;5:01.3;0:58.7;6
26;Pål-Gunnar;Skog;M;NO;;FE4;Menn 17-23;;5:18.2;1:08.2;2
11;Ingeborg Lund;Mathisen;F;NO;;FE4;Sport kvinner 24-39;;5:30.0;1:27.4;7
60;Bent;Ebeltoft;M;NO;Vesterålen SK;FE4;Menn master;;5:36.1;2:20.7;24
85;Aurelia;Schwesinger;F;DE;;FE4;Sport kvinner 24-39;;6:18.2;2:15.6;8
55;Rikke Øien;Lillefuhr;F;NO;Narvik CK;FE4;Sport kvinner 24-39;;7:23.8;3:21.2;9
77;Fred;Olsen;M;NO;Harstad CK;FE4;Menn master;;0:00.0;3:15.4;25
124;Testrytter;Sikkerhet;M;NO;Harstad CK;FE4;Menn master;;5:34.8;2:19.4;26
9;Karin;Pehrson;F;SE;;FE4;Sport kvinner 24-39;DNS;0:00.0;4:02.6;10
18;Bjørn-Tore;Wik;M;NO;Harstad CK;FE4;Sport menn 24-39;DNS;0:00.0;3:15.3;28
71;Arnt Ola;Skjerve;M;NO;Sunnan CK;FE4;Menn master;DNS;0:00.0;3:15.4;27
17;Svein Are;Andreassen;M;NO;;FE4;Menn master;DNS;0:00.0;3:15.4;27
82;Marianne;Selsøyvold;F;NO;;FE4;Sport kvinner 24-39;DNS;0:00.0;4:02.6;10
2;Torben;Havstein;M;NO;;FE4;Sport menn 24-39;DNS;0:00.0;3:15.3;28
45;Espen Henriksen;Harper;M;NO;;FE4;Sport menn 24-39;DNS;0:00.0;3:15.3;28
6;Truls;Nystad;M;NO;;FE4;Menn master;DNS;0:00.0;3:15.4;27
12;Gjøran;Sommarset;M;NO;Harstad CK;FE4;Menn master;DNS;0:00.0;3:15.4;27
68;Yngve;Rogstadkjærnet;M;NO;Lofoten Ekstremsportklubb;FE4;Sport menn 24-39;DNS;0:00.0;3:15.3;28
84;Ida Elise;Høgstad;F;NO;;FE4;Sport kvinner 24-39;DNS;0:00.0;4:02.6;10
70;Matthew;Wheeldon;M;NO;;FE4;Menn master;DNS;0:00.0;3:15.4;27
35;Ole Morten;Tunes;M;NO;Harstad CK;FE4;Menn master;DNS;0:00.0;3:15.4;27
61;Sigurd Salberg;Pedersen;M;NO;;FE4;Sport menn 24-39;DNS;0:00.0;3:15.3;28
42;Iselin;Kaspersen;F;NO;;FE4;Sport kvinner 24-39;DNS;0:00.0;4:02.6;10
51;Martin;Aasen;M;NO;;FE4;Sport menn 24-39;DNS;0:00.0;3:15.3;28
81;Joar;Nilsen;M;NO;;FE4;Menn master;DNS;0:00.0;3:15.4;27
3;Espen;Karlsen;M;NO;;FE4;Sport menn 24-39;DNS;0:00.0;3:15.3;28
92;Armands;Zarins;M;LV;;FE4;Sport menn 24-39;DNS;0:00.0;3:15.3;28
41;Simen Harila;Bye;M;NO;;FE4;Sport menn 24-39;DNS;0:00.0;3:15.3;28
23;Sigurd;Friborg;M;NO;;FE4;Sport menn 24-39;DNS;0:00.0;3:15.3;28
57;Lars;Gabrielsen;M;NO;;FE4;Menn master;DNS;0:00.0;3:15.4;27
14;Anders;Jensen;M;NO;;FE4;Sport menn 24-39;DNS;0:00.0;3:15.3;28
79;Martin;Klette;M;NO;Bodø CK;FE4;Sport menn 24-39;DNS;0:00.0;3:15.3;28
89;Reinis Martins;Prieditis;M;LV;;FE5;Sport menn 24-39;;2:01.8;0:00.0;1
32;Mikael;Vold;M;NO;Bodø Terrengsykkelklubb;FE5;Sport menn 24-39;;2:06.7;0:04.9;2
59;Anders;Røkenes;M;NO;Harstad CK;FE5;Menn master;;2:07.1;0:00.0;1
5;Tord;Nese;M;NO;;FE5;Sport menn 24-39;;2:07.2;0:05.4;3
73;Einar;Frønum;M;NO;Harstad CK;FE5;Menn master;;2:07.6;0:00.5;2
87;Edvard;Vea Iversen;M;NO;Bindal SK;FE5;Sport menn 24-39;;2:07.7;0:05.9;4
83;Daniel;Rundereim;M;NO;Bratt Sykkelklubb;FE5;Sport menn 24-39;;2:11.4;0:09.6;5
36;Vidar;Wensel;M;NO;Senja CK;FE5;Menn master;;2:11.6;0:04.5;3
27;William;Salminen;M;NO;Harstad CK;FE5;Menn master;;2:11.9;0:04.8;4
46;Karl Marius;Brobak;M;NO;Narvik CK;FE5;Sport menn 24-39;;2:14.8;0:13.0;6
63;Ole-Martin;Kjellmo;M;NO;;FE5;Sport menn 24-39;;2:16.2;0:14.4;7
1;Martin;Liane;M;NO;Harstad CK;FE5;Menn master;;2:16.3;0:09.2;5
78;Glenn Isak;Henriksen;M;NO;;FE5;Sport menn 24-39;;2:16.4;0:14.6;8
64;Stian;Storeng;M;NO;Harstad CK;FE5;Menn master;;2:16.9;0:09.8;6
91;Frans;Meijers;M;NO;;FE5;Sport menn 24-39;;2:18.1;0:16.3;9
48;Håvard;Krey Hansen;M;NO;;FE5;Sport menn 24-39;;2:21.0;0:19.2;10
74;Lars A.;Uttakleiv;M;NO;Harstad CK;FE5;Menn master;;2:21.2;0:14.1;7
50;Christoffer Borge;Olsen;M;NO;Aron Sportsklubb;FE5;Sport menn 24-39;;2:21.4;0:19.6;11
20;Fredrik;Leonhardsen;M;NO;;FE5;Sport menn 24-39;;2:21.4;0:19.6;11
29;Kristoffer;Kristoffersen;M;NO;Senja CK;FE5;Menn master;;2:22.1;0:15.0;8
4;Rickard;Wessberg;M;SE;;FE5;Sport menn 24-39;;2:23.1;0:21.3;13
24;Sten Andre;Stenkjær;M;NO;;FE5;Menn master;;2:24.7;0:17.6;9
16;Tore;Joramo;M;NO;;FE5;Sport menn 24-39;;2:24.9;0:23.1;14
66;Hugo;Pettersen;M;NO;;FE5;Menn master;;2:25.1;0:18.0;10
31;Håvard;Torvanger;M;NO;Harstad CK;FE5;Sport menn 24-39;;2:27.7;0:25.9;15
8;Trond;Kleven;M;NO;Harstad CK;FE5;Menn master;;2:27.8;0:20.7;11
13;Andre;Olsen;M;NO;;FE5;Sport menn 24-39;;2:28.7;0:26.9;16
93;Linda;Butkus;F;LV;;FE5;Sport kvinner 24-39;;2:29.4;0:00.0;1
25;Øyvind;Frønum;M;NO;Harstad CK;FE5;Menn master;;2:29.8;0:22.7;12
19;Birk;Selquist;M;NO;Harstad CK;FE5;Sport menn 24-39;;2:30.1;0:28.3;17
7;Thomas;Backer-Grøndahl;M;NO;;FE5;Sport menn 24-39;;2:30.7;0:28.9;18
56;Thomas;Ebeltoft;M;NO;;FE5;Sport menn 24-39;;2:31.8;0:30.0;19
44;Anders;S Bråten;M;NO;;FE5;Menn master;;2:32.5;0:25.4;13
80;Gaute;Løvfall;M;NO;Harstad CK;FE5;Sport menn 24-39;;2:32.5;0:30.7;20
90;Samuel;Geiseler;M;DE;;FE5;Menn master;;2:32.6;0:25.5;14
40;Stian;Hallén;M;NO;;FE5;Sport menn 24-39;;2:34.0;0:32.2;21
21;Lars-Erik M.;Solheim;M;NO;;FE5;Menn master;;2:34.6;0:27.5;15
38;Roger;Berge;M;NO;;FE5;Sport menn 24-39;;2:35.2;0:33.4;22
52;Jesper;Stattin;M;NO;Harstad CK;FE5;Menn 17-23;;2:37.6;0:00.0;1
62;Louise;Engan;F;NO;Bodø Terrengsykkelklubb;FE5;Kvinner master;;2:37.8;0:00.0;1
33;Ida Kristine;Sletta;F;NO;;FE5;Sport kvinner 24-39;;2:37.9;0:08.5;2
58;Lars Linaker;Berglund;M;NO;;FE5;Sport menn 24-39;;2:39.3;0:37.5;23
34;Jahn-Erik;Solheim;M;NO;;FE5;Menn master;;2:40.7;0:33.6;16
10;Emil;Lerdahl;M;NO;Harstad CK;FE5;Menn master;;2:41.7;0:34.6;17
53;Peter;Nilsson;M;SE;Vesterålen SK;FE5;Menn master;;2:41.9;0:34.8;18
65;Jørn;Hanssen;M;NO;;FE5;Menn master;;2:42.3;0:35.2;19
22;Bjørn-Ståle;Larsen;M;NO;Lofoten Ekstremsportklubb;FE5;Menn master;;2:43.0;0:35.9;20
49;Madeleine;Lagergren;F;NO;;FE5;Kvinner master;;2:43.4;0:05.6;2
15;Siv;Kristoffersen;F;NO;Harstad CK;FE5;Sport kvinner 24-39;;2:43.8;0:14.4;3
67;May Kristin;Vespestad;F;NO;;FE5;Kvinner master;;2:43.9;0:06.1;3
75;Trym;Slyngstad;M;NO;;FE5;Sport menn 24-39;;2:44.4;0:42.6;24
86;Jonas;Aksmo;M;NO;Lofoten Ekstremsportklubb;FE5;Menn master;;2:44.4;0:37.3;21
47;Sondre;Exposito Holmen;M;NO;;FE5;Sport menn 24-39;;2:44.6;0:42.8;25
43;Eirik;Djønne;M;NO;;FE5;Sport menn 24-39;;2:45.1;0:43.3;26
76;Marius;Markussen;M;NO;;FE5;Sport menn 24-39;;2:49.2;0:47.4;27
69;Finn;Kuntze;M;NO;Harstad CK;FE5;Menn master;;2:50.6;0:43.5;22
37;Merrick;Mordal;F;NO;;FE5;Sport kvinner 24-39;;2:50.9;0:21.5;4
26;Pål-Gunnar;Skog;M;NO;;FE5;Menn 17-23;;2:54.7;0:17.1;2
28;Paul;Silester;M;NO;;FE5;Menn master;;2:56.5;0:49.4;23
88;Kjersti;Hervik;F;NO;;FE5;Kvinner master;;2:56.7;0:18.9;4
30;Stine;Grønås;F;NO;;FE5;Sport kvinner 24-39;;2:57.6;0:28.2;5
11;Ingeborg Lund;Mathisen;F;NO;;FE5;Sport kvinner 24-39;;3:01.1;0:31.7;6
72;Irene;Hølmo;F;NO;Harstad CK;FE5;Sport kvinner 24-39;;3:04.6;0:35.2;7
60;Bent;Ebeltoft;M;NO;Vesterålen SK;FE5;Menn master;;3:17.8;1:10.7;24
55;Rikke Øien;Lillefuhr;F;NO;Narvik CK;FE5;Sport kvinner 24-39;;3:40.4;1:11.0;8
85;Aurelia;Schwesinger;F;DE;;FE5;Sport kvinner 24-39;;3:48.2;1:18.8;9
77;Fred;Olsen;M;NO;Harstad CK;FE5;Menn master;;3:24.1;1:17.0;25
124;Testrytter;Sikkerhet;M;NO;Harstad CK;FE5;Menn master;;3:34.2;1:27.1;26
70;Matthew;Wheeldon;M;NO;;FE5;Menn master;DNS;0:00.0;2:07.1;27
71;Arnt Ola;Skjerve;M;NO;Sunnan CK;FE5;Menn master;DNS;0:00.0;2:07.1;27
17;Svein Are;Andreassen;M;NO;;FE5;Menn master;DNS;0:00.0;2:07.1;27
68;Yngve;Rogstadkjærnet;M;NO;Lofoten Ekstremsportklubb;FE5;Sport menn 24-39;DNS;0:00.0;2:01.8;28
2;Torben;Havstein;M;NO;;FE5;Sport menn 24-39;DNS;0:00.0;2:01.8;28
79;Martin;Klette;M;NO;Bodø CK;FE5;Sport menn 24-39;DNS;0:00.0;2:01.8;28
12;Gjøran;Sommarset;M;NO;Harstad CK;FE5;Menn master;DNS;0:00.0;2:07.1;27
35;Ole Morten;Tunes;M;NO;Harstad CK;FE5;Menn master;DNS;0:00.0;2:07.1;27
81;Joar;Nilsen;M;NO;;FE5;Menn master;DNS;0:00.0;2:07.1;27
92;Armands;Zarins;M;LV;;FE5;Sport menn 24-39;DNS;0:00.0;2:01.8;28
84;Ida Elise;Høgstad;F;NO;;FE5;Sport kvinner 24-39;DNS;0:00.0;2:29.4;10
41;Simen Harila;Bye;M;NO;;FE5;Sport menn 24-39;DNS;0:00.0;2:01.8;28
61;Sigurd Salberg;Pedersen;M;NO;;FE5;Sport menn 24-39;DNS;0:00.0;2:01.8;28
14;Anders;Jensen;M;NO;;FE5;Sport menn 24-39;DNS;0:00.0;2:01.8;28
51;Martin;Aasen;M;NO;;FE5;Sport menn 24-39;DNS;0:00.0;2:01.8;28
39;Stian Kristoffer;Evensen;M;NO;Harstad CK;FE5;Menn master;DNS;0:00.0;2:07.1;27
3;Espen;Karlsen;M;NO;;FE5;Sport menn 24-39;DNS;0:00.0;2:01.8;28
18;Bjørn-Tore;Wik;M;NO;Harstad CK;FE5;Sport menn 24-39;DNS;0:00.0;2:01.8;28
23;Sigurd;Friborg;M;NO;;FE5;Sport menn 24-39;DNS;0:00.0;2:01.8;28
82;Marianne;Selsøyvold;F;NO;;FE5;Sport kvinner 24-39;DNS;0:00.0;2:29.4;10
45;Espen Henriksen;Harper;M;NO;;FE5;Sport menn 24-39;DNS;0:00.0;2:01.8;28
57;Lars;Gabrielsen;M;NO;;FE5;Menn master;DNS;0:00.0;2:07.1;27
42;Iselin;Kaspersen;F;NO;;FE5;Sport kvinner 24-39;DNS;0:00.0;2:29.4;10
6;Truls;Nystad;M;NO;;FE5;Menn master;DNS;0:00.0;2:07.1;27
89;Reinis Martins;Prieditis;M;LV;;FE6;Sport menn 24-39;;0:44.1;0:00.0;1
87;Edvard;Vea Iversen;M;NO;Bindal SK;FE6;Sport menn 24-39;;0:48.3;0:04.2;2
78;Glenn Isak;Henriksen;M;NO;;FE6;Sport menn 24-39;;0:48.3;0:04.2;2
59;Anders;Røkenes;M;NO;Harstad CK;FE6;Menn master;;0:49.3;0:00.0;1
5;Tord;Nese;M;NO;;FE6;Sport menn 24-39;;0:49.5;0:05.4;4
32;Mikael;Vold;M;NO;Bodø Terrengsykkelklubb;FE6;Sport menn 24-39;;0:49.7;0:05.6;5
73;Einar;Frønum;M;NO;Harstad CK;FE6;Menn master;;0:50.1;0:00.8;2
27;William;Salminen;M;NO;Harstad CK;FE6;Menn master;;0:52.4;0:03.1;3
83;Daniel;Rundereim;M;NO;Bratt Sykkelklubb;FE6;Sport menn 24-39;;0:52.5;0:08.4;6
64;Stian;Storeng;M;NO;Harstad CK;FE6;Menn master;;0:52.7;0:03.4;4
46;Karl Marius;Brobak;M;NO;Narvik CK;FE6;Sport menn 24-39;;0:54.1;0:10.0;7
63;Ole-Martin;Kjellmo;M;NO;;FE6;Sport menn 24-39;;0:54.2;0:10.1;8
16;Tore;Joramo;M;NO;;FE6;Sport menn 24-39;;0:54.5;0:10.4;9
1;Martin;Liane;M;NO;Harstad CK;FE6;Menn master;;0:54.5;0:05.2;5
19;Birk;Selquist;M;NO;Harstad CK;FE6;Sport menn 24-39;;0:54.6;0:10.5;10
36;Vidar;Wensel;M;NO;Senja CK;FE6;Menn master;;0:55.1;0:05.8;6
93;Linda;Butkus;F;LV;;FE6;Sport kvinner 24-39;;0:55.4;0:00.0;1
58;Lars Linaker;Berglund;M;NO;;FE6;Sport menn 24-39;;0:56.0;0:11.9;11
29;Kristoffer;Kristoffersen;M;NO;Senja CK;FE6;Menn master;;0:57.1;0:07.8;7
91;Frans;Meijers;M;NO;;FE6;Sport menn 24-39;;0:57.3;0:13.2;12
74;Lars A.;Uttakleiv;M;NO;Harstad CK;FE6;Menn master;;0:58.2;0:08.9;8
50;Christoffer Borge;Olsen;M;NO;Aron Sportsklubb;FE6;Sport menn 24-39;;0:58.2;0:14.1;13
24;Sten Andre;Stenkjær;M;NO;;FE6;Menn master;;0:58.4;0:09.1;9
48;Håvard;Krey Hansen;M;NO;;FE6;Sport menn 24-39;;0:58.7;0:14.6;14
44;Anders;S Bråten;M;NO;;FE6;Menn master;;0:58.9;0:09.6;10
4;Rickard;Wessberg;M;SE;;FE6;Sport menn 24-39;;0:59.2;0:15.1;15
20;Fredrik;Leonhardsen;M;NO;;FE6;Sport menn 24-39;;0:59.3;0:15.2;16
66;Hugo;Pettersen;M;NO;;FE6;Menn master;;0:59.5;0:10.2;11
21;Lars-Erik M.;Solheim;M;NO;;FE6;Menn master;;1:00.2;0:10.9;12
31;Håvard;Torvanger;M;NO;Harstad CK;FE6;Sport menn 24-39;;1:00.7;0:16.6;17
8;Trond;Kleven;M;NO;Harstad CK;FE6;Menn master;;1:01.4;0:12.1;13
13;Andre;Olsen;M;NO;;FE6;Sport menn 24-39;;1:03.3;0:19.2;18
40;Stian;Hallén;M;NO;;FE6;Sport menn 24-39;;1:03.6;0:19.5;19
47;Sondre;Exposito Holmen;M;NO;;FE6;Sport menn 24-39;;1:04.0;0:19.9;20
75;Trym;Slyngstad;M;NO;;FE6;Sport menn 24-39;;1:05.5;0:21.4;21
52;Jesper;Stattin;M;NO;Harstad CK;FE6;Menn 17-23;;1:05.5;0:00.0;1
30;Stine;Grønås;F;NO;;FE6;Sport kvinner 24-39;;1:05.9;0:10.5;2
49;Madeleine;Lagergren;F;NO;;FE6;Kvinner master;;1:05.9;0:00.0;1
33;Ida Kristine;Sletta;F;NO;;FE6;Sport kvinner 24-39;;1:06.3;0:10.9;3
72;Irene;Hølmo;F;NO;Harstad CK;FE6;Sport kvinner 24-39;;1:07.0;0:11.6;4
65;Jørn;Hanssen;M;NO;;FE6;Menn master;;1:07.1;0:17.8;14
56;Thomas;Ebeltoft;M;NO;;FE6;Sport menn 24-39;;1:07.3;0:23.2;22
22;Bjørn-Ståle;Larsen;M;NO;Lofoten Ekstremsportklubb;FE6;Menn master;;1:07.6;0:18.3;15
15;Siv;Kristoffersen;F;NO;Harstad CK;FE6;Sport kvinner 24-39;;1:08.0;0:12.6;5
37;Merrick;Mordal;F;NO;;FE6;Sport kvinner 24-39;;1:08.4;0:13.0;6
86;Jonas;Aksmo;M;NO;Lofoten Ekstremsportklubb;FE6;Menn master;;1:08.8;0:19.5;16
25;Øyvind;Frønum;M;NO;Harstad CK;FE6;Menn master;;1:08.9;0:19.6;17
38;Roger;Berge;M;NO;;FE6;Sport menn 24-39;;1:09.3;0:25.2;23
34;Jahn-Erik;Solheim;M;NO;;FE6;Menn master;;1:10.3;0:21.0;18
7;Thomas;Backer-Grøndahl;M;NO;;FE6;Sport menn 24-39;;1:11.6;0:27.5;24
53;Peter;Nilsson;M;SE;Vesterålen SK;FE6;Menn master;;1:13.0;0:23.7;19
88;Kjersti;Hervik;F;NO;;FE6;Kvinner master;;1:13.3;0:07.4;2
90;Samuel;Geiseler;M;DE;;FE6;Menn master;;1:14.2;0:24.9;20
80;Gaute;Løvfall;M;NO;Harstad CK;FE6;Sport menn 24-39;;1:15.7;0:31.6;25
76;Marius;Markussen;M;NO;;FE6;Sport menn 24-39;;1:17.0;0:32.9;26
62;Louise;Engan;F;NO;Bodø Terrengsykkelklubb;FE6;Kvinner master;;1:17.8;0:11.9;3
43;Eirik;Djønne;M;NO;;FE6;Sport menn 24-39;;1:19.2;0:35.1;27
69;Finn;Kuntze;M;NO;Harstad CK;FE6;Menn master;;1:21.0;0:31.7;21
60;Bent;Ebeltoft;M;NO;Vesterålen SK;FE6;Menn master;;1:21.7;0:32.4;22
67;May Kristin;Vespestad;F;NO;;FE6;Kvinner master;;1:22.8;0:16.9;4
26;Pål-Gunnar;Skog;M;NO;;FE6;Menn 17-23;;1:23.1;0:17.6;2
28;Paul;Silester;M;NO;;FE6;Menn master;;1:32.2;0:42.9;23
11;Ingeborg Lund;Mathisen;F;NO;;FE6;Sport kvinner 24-39;;1:32.7;0:37.3;7
85;Aurelia;Schwesinger;F;DE;;FE6;Sport kvinner 24-39;;1:38.7;0:43.3;8
10;Emil;Lerdahl;M;NO;Harstad CK;FE6;Menn master;;1:38.9;0:49.6;24
55;Rikke Øien;Lillefuhr;F;NO;Narvik CK;FE6;Sport kvinner 24-39;;2:04.3;1:08.9;9
77;Fred;Olsen;M;NO;Harstad CK;FE6;Menn master;;0:00.0;0:49.3;25
124;Testrytter;Sikkerhet;M;NO;Harstad CK;FE6;Menn master;;3:42.7;2:53.4;26
61;Sigurd Salberg;Pedersen;M;NO;;FE6;Sport menn 24-39;DNS;0:00.0;0:44.1;28
42;Iselin;Kaspersen;F;NO;;FE6;Sport kvinner 24-39;DNS;0:00.0;0:55.4;10
51;Martin;Aasen;M;NO;;FE6;Sport menn 24-39;DNS;0:00.0;0:44.1;28
81;Joar;Nilsen;M;NO;;FE6;Menn master;DNS;0:00.0;0:49.3;27
3;Espen;Karlsen;M;NO;;FE6;Sport menn 24-39;DNS;0:00.0;0:44.1;28
92;Armands;Zarins;M;LV;;FE6;Sport menn 24-39;DNS;0:00.0;0:44.1;28
41;Simen Harila;Bye;M;NO;;FE6;Sport menn 24-39;DNS;0:00.0;0:44.1;28
23;Sigurd;Friborg;M;NO;;FE6;Sport menn 24-39;DNS;0:00.0;0:44.1;28
57;Lars;Gabrielsen;M;NO;;FE6;Menn master;DNS;0:00.0;0:49.3;27
14;Anders;Jensen;M;NO;;FE6;Sport menn 24-39;DNS;0:00.0;0:44.1;28
79;Martin;Klette;M;NO;Bodø CK;FE6;Sport menn 24-39;DNS;0:00.0;0:44.1;28
9;Karin;Pehrson;F;SE;;FE6;Sport kvinner 24-39;DNS;0:00.0;0:55.4;10
18;Bjørn-Tore;Wik;M;NO;Harstad CK;FE6;Sport menn 24-39;DNS;0:00.0;0:44.1;28
71;Arnt Ola;Skjerve;M;NO;Sunnan CK;FE6;Menn master;DNS;0:00.0;0:49.3;27
39;Stian Kristoffer;Evensen;M;NO;Harstad CK;FE6;Menn master;DNS;0:00.0;0:49.3;27
17;Svein Are;Andreassen;M;NO;;FE6;Menn master;DNS;0:00.0;0:49.3;27
82;Marianne;Selsøyvold;F;NO;;FE6;Sport kvinner 24-39;DNS;0:00.0;0:55.4;10
2;Torben;Havstein;M;NO;;FE6;Sport menn 24-39;DNS;0:00.0;0:44.1;28
45;Espen Henriksen;Harper;M;NO;;FE6;Sport menn 24-39;DNS;0:00.0;0:44.1;28
6;Truls;Nystad;M;NO;;FE6;Menn master;DNS;0:00.0;0:49.3;27
12;Gjøran;Sommarset;M;NO;Harstad CK;FE6;Menn master;DNS;0:00.0;0:49.3;27
68;Yngve;Rogstadkjærnet;M;NO;Lofoten Ekstremsportklubb;FE6;Sport menn 24-39;DNS;0:00.0;0:44.1;28
84;Ida Elise;Høgstad;F;NO;;FE6;Sport kvinner 24-39;DNS;0:00.0;0:55.4;10
70;Matthew;Wheeldon;M;NO;;FE6;Menn master;DNS;0:00.0;0:49.3;27
35;Ole Morten;Tunes;M;NO;Harstad CK;FE6;Menn master;DNS;0:00.0;0:49.3;27
95;Vebjørn;Lunde;M;NO;;FE2;Junior 15-16;;3:19.4;0:00.0;1
98;Amund;Røkenes;M;NO;Harstad CK;FE2;Junior 15-16;;3:21.9;0:02.5;2
123;Abel Elias;Døli;M;NO;;FE2;Junior 15-16;;4:43.4;1:24.0;3
110;John;Scheland;M;NO;;FE2;Junior 15-16;;5:03.0;1:43.6;4
97;Niri Sebastian;Døli;M;NO;;FE2;Junior 15-16;;5:04.6;1:45.2;5
95;Vebjørn;Lunde;M;NO;;FE3;Junior 15-16;;4:28.9;0:00.0;1
98;Amund;Røkenes;M;NO;Harstad CK;FE3;Junior 15-16;;4:31.0;0:02.1;2
123;Abel Elias;Døli;M;NO;;FE3;Junior 15-16;;4:54.1;0:25.2;3
110;John;Scheland;M;NO;;FE3;Junior 15-16;;5:57.0;1:28.1;4
97;Niri Sebastian;Døli;M;NO;;FE3;Junior 15-16;;6:26.0;1:57.1;5
111;Sigurd;Klefstad;M;NO;Harstad CK;FE3;Junior 15-16;DNS;0:00.0;4:28.9;6
98;Amund;Røkenes;M;NO;Harstad CK;FE4;Junior 15-16;;3:30.5;0:00.0;1
95;Vebjørn;Lunde;M;NO;;FE4;Junior 15-16;;3:30.8;0:00.3;2
123;Abel Elias;Døli;M;NO;;FE4;Junior 15-16;;4:11.3;0:40.8;3
110;John;Scheland;M;NO;;FE4;Junior 15-16;;4:43.6;1:13.1;4
97;Niri Sebastian;Døli;M;NO;;FE4;Junior 15-16;;4:53.6;1:23.1;5
111;Sigurd;Klefstad;M;NO;Harstad CK;FE4;Junior 15-16;DNS;0:00.0;3:30.5;6
95;Vebjørn;Lunde;M;NO;;FE5;Junior 15-16;;2:13.8;0:00.0;1
98;Amund;Røkenes;M;NO;Harstad CK;FE5;Junior 15-16;;2:15.3;0:01.5;2
123;Abel Elias;Døli;M;NO;;FE5;Junior 15-16;;2:33.8;0:20.0;3
110;John;Scheland;M;NO;;FE5;Junior 15-16;;2:50.4;0:36.6;4
97;Niri Sebastian;Døli;M;NO;;FE5;Junior 15-16;;3:33.3;1:19.5;5
111;Sigurd;Klefstad;M;NO;Harstad CK;FE5;Junior 15-16;DNS;0:00.0;2:13.8;6